
-- Table: config
CREATE TABLE config (name VARCHAR (100) PRIMARY KEY, value VARCHAR (200), value2 BLOB)


-- Table: products
CREATE TABLE products (id INTEGER PRIMARY KEY AUTOINCREMENT, en_US VARCHAR (50), fr_FR VARCHAR (50), es_ES VARCHAR (50), th_TH VARCHAR (50), grouped_products VARCHAR (50), steps INTEGER, field_id_fabric_id INTEGER, matching_fields TEXT, show INTEGER, user_active INTEGER, fieldorder INT DEFAULT (0), active INTEGER)


-- Table: products_pages
CREATE TABLE products_pages (id INTEGER PRIMARY KEY AUTOINCREMENT, product_id INTEGER, page_id INTEGER, en_US VARCHAR (100), fr_FR VARCHAR (100), es_ES VARCHAR (100), th_TH VARCHAR (100))


-- Table: products_options
CREATE TABLE products_options (id INTEGER PRIMARY KEY AUTOINCREMENT, product_id INTEGER, parent_id INTEGER, screen INTEGER, display_label INTEGER, name VARCHAR (100), en_US VARCHAR (100), fr_FR VARCHAR (100), es_ES VARCHAR (100), th_TH VARCHAR (100), option_group VARCHAR (100), sort INTEGER, type VARCHAR (50), hidden INTEGER, css VARCHAR (100), class VARCHAR (100), required INTEGER DEFAULT (1), active INTEGER)


-- Table: products_options_values
CREATE TABLE products_options_values (id INTEGER PRIMARY KEY AUTOINCREMENT, option_id INTEGER REFERENCES products_options (id) ON UPDATE CASCADE, en_US VARCHAR (100), fr_FR VARCHAR (100), es_ES VARCHAR (100), th_TH VARCHAR (100), image VARCHAR (100), selected BOOLEAN DEFAULT false, onselected VARCHAR (255), fieldorder INT DEFAULT (0), active INTEGER)


-- Table: orders
CREATE TABLE orders (id INTEGER PRIMARY KEY AUTOINCREMENT, reseller_order_id VARCHAR (100), supplier_order_id VARCHAR (100), client_id INTEGER REFERENCES clients (id), measurements_id INTEGER, ordered_date DATE, expected_delivery_date DATE, shipped_date DATE, delivered_date DATE, payment_status VARCHAR (100), payment_date DATE, payment_details TEXT, order_status VARCHAR (100))


-- Table: orders_lines
CREATE TABLE orders_lines (id INTEGER PRIMARY KEY AUTOINCREMENT, order_id INTEGER REFERENCES clients (id), parent_id INTEGER, product_id INTEGER, product_options TEXT, supplier_line_id INTEGER, name TEXT, fabric_id TEXT, quantity INTEGER, status VARCHAR (100), tracking_number VARCHAR (100), comments TEXT)


-- Table: clients
CREATE TABLE clients (id INTEGER PRIMARY KEY AUTOINCREMENT, company VARCHAR (100), firstname VARCHAR (100), lastname VARCHAR (100), gender VARCHAR (100), email VARCHAR (100), phone VARCHAR (100), photo BLOB, photo_front BLOB, photo_side BLOB, photo_back BLOB, dob DATE, street1 VARCHAR (100), street2 VARCHAR (100), city VARCHAR (100), postalcode VARCHAR (100), state VARCHAR (100), country VARCHAR (100), language VARCHAR (5), applanguage VARCHAR (5), currency VARCHAR (5), notes TEXT, orders_lastdate DATE, orders_nbr INTEGER, active BOOLEAN)


-- Table: measurements
CREATE TABLE measurements (id INTEGER PRIMARY KEY AUTOINCREMENT, client_id INTEGER, date VARCHAR (100), type VARCHAR (100), unit_size VARCHAR (100), unit_weight VARCHAR (100), jacket_neck VARCHAR (10), jacket_fullshoulder VARCHAR (10), jacket_chest VARCHAR (10), jacket_front VARCHAR (10), jacket_back VARCHAR (10), jacket_stomach VARCHAR (10), jacket_hips VARCHAR (10), jacket_lengthfront VARCHAR (10), jacket_lengthback VARCHAR (10), jacket_sleeve VARCHAR (10), jacket_armsize VARCHAR (10), jacket_cuff VARCHAR (10), pants_waist VARCHAR (10), pants_hips VARCHAR (10), pants_crotch VARCHAR (10), pants_thigh VARCHAR (10), pants_length VARCHAR (10), pants_bottom VARCHAR (10), shoes_size VARCHAR (10), waistcoat_lengthfront VARCHAR (10), waistcoat_lengthback VARCHAR (10), silhouette_height VARCHAR (10), silhouette_weight VARCHAR (10), silhouette_shoulder VARCHAR (15), silhouette_neck VARCHAR (15), silhouette_posture VARCHAR (15), silhouette_chest VARCHAR (15), comments TEXT, active BOOLEAN)


INSERT INTO config VALUES ('product_key',			'',					NULL)
INSERT INTO config VALUES ('unit_measurements',		'cm',				NULL)
INSERT INTO config VALUES ('unit_weight',			'kg',				NULL)
INSERT INTO config VALUES ('app_language',			'en_US',			NULL)
INSERT INTO config VALUES ('user_language',			'en_US',			NULL)
INSERT INTO config VALUES ('currency',				'EUR',				NULL)
INSERT INTO config VALUES ('theme',					'probespoke-dark',	NULL)
INSERT INTO config VALUES ('app_version',			'0.6.02',			NULL)
INSERT INTO config VALUES ('company_id',			'',					NULL)
INSERT INTO config VALUES ('company_name',			'',					NULL)
INSERT INTO config VALUES ('seller_id',				'',					NULL)
INSERT INTO config VALUES ('seller_fullname',		'',					NULL)
INSERT INTO config VALUES ('UI_custom_logo',		NULL,				'')
INSERT INTO config VALUES ('UI_custom_background', 	NULL,				'')
INSERT INTO config VALUES ('supplier_gateway',		'http://gateway.probespoke.com',	NULL)
INSERT INTO config VALUES ('reseller_gateway',		'',					NULL)
INSERT INTO config VALUES ('dev_mode',				'0',				NULL)



INSERT INTO products VALUES (1, 'Shirt',	'Chemise',		'Camisa', 	'เสื้อเชิ้ท', 	'',			16,		102,	0,	1,	1,	3, 1)
INSERT INTO products VALUES (2, 'Suit',		'Costume',		'Traje', 	'เสื้อสูท', 	'3,4,5',	NULL,	0,		0,	1,	1,	0, 0)
INSERT INTO products VALUES (3, 'Jacket',	'Veste',		'', 		'เสื้อคลุม', 	'',			17,		302,	0,	1,	1,	1, 1)
INSERT INTO products VALUES (4, 'Pants',	'Pantalon',		'', 		'กางเกง', 	'',			7,		402,	0,	1,	1,	2, 1)
INSERT INTO products VALUES (5, 'Waiscoat',	'Gilet',		'Chaleco', 	'เสื้อกั๊ก', 	'',			8,		502,	0,	1,	1,	4, 1)
INSERT INTO products VALUES (6, 'Tie',		'Cravate',		'', 		'เนคไท', 	'',			NULL,	0,		0,	1,	1,	0, 0)
INSERT INTO products VALUES (7, 'Belt',		'Ceinture',		'', 		'เข็มขัด', 	'',			NULL,	0,		0,	1,	1,	0, 0)
INSERT INTO products VALUES (8, 'Shoes',	'Chaussures',	'', 		'รองเท้า', 	'',			NULL,	0,		0,	1,	1,	0, 0)

-- SHIRT
INSERT INTO products_pages VALUES (101,	1,	1,	'Fabric & Fit',			'Tissu et coupe',	'',				'ผ้าและความพอดี')
INSERT INTO products_pages VALUES (102,	1,	2,	'Style',				'Style',			'',				'แบบ')
INSERT INTO products_pages VALUES (103,	1,	3,	'Collar (1/2)',			'Col (1/2)',		'Cuello (1/2)',	'ปก (1/2)')
INSERT INTO products_pages VALUES (104,	1,	4,	'Collar (2/2)',			'Col (2/2)',		'Cuello (2/2)',	'ปก (2/2)')
INSERT INTO products_pages VALUES (105,	1,	5,	'Cuffs',				'Poignets',			'',				'แขนเบิ้ล')
INSERT INTO products_pages VALUES (106,	1,	6,	'Placket',				'Patte de boutonnage',	'',			'สาบ')
INSERT INTO products_pages VALUES (107,	1,	7,	'Back',					'Arrière',			'',				'หลัง')
INSERT INTO products_pages VALUES (108,	1,	8,	'Pockets',				'Poches',			'Bolsillos',	'กระเป๋า')
INSERT INTO products_pages VALUES (109,	1,	9,	'Other',				'Autres',			'',				'อื่นๆ')
INSERT INTO products_pages VALUES (110,	1,	10,	'Collar Lining',		'Doublure | Col',	'',				'ซับใน (1/3)')
INSERT INTO products_pages VALUES (111,	1,	11,	'Cuffs Lining',			'Doublure | Poignets',	'',			'ซับใน (2/3)')
INSERT INTO products_pages VALUES (112,	1,	12,	'Placket Lining',		'Doublure | Patte de boutonnage',	'',			'ซับใน (3/3)')
INSERT INTO products_pages VALUES (113,	1,	13,	'Pick Stitching',		'Points puce',		'',				'ดำน้ำด้านหน้า')
INSERT INTO products_pages VALUES (114,	1,	14,	'Piping',				'Passepoil',		'Ribete',		'กุ้นด้านหน้า')
INSERT INTO products_pages VALUES (115,	1,	15,	'Monogram',				'Monogramme',		'',				'ปักอักษร')
INSERT INTO products_pages VALUES (116,	1,	16,	'Comments',				'Commentaires',		'',				'ความเห็น')

-- VEST
INSERT INTO products_pages VALUES (301,	3,	1,	'Fabrics',				'Tissus',			'',			'ผ้า')
INSERT INTO products_pages VALUES (302,	3,	2,	'Construction',			'Construction',		'',			'')
INSERT INTO products_pages VALUES (303,	3,	3,	'Fit',					'Coupe',			'',			'ความพอดี')
INSERT INTO products_pages VALUES (304,	3,	4,	'Style',				'Style',			'',			'แบบ')
INSERT INTO products_pages VALUES (305,	3,	5,	'Lapel',				'Col et revers',	'',			'ปก')
INSERT INTO products_pages VALUES (306,	3,	6,	'Lapel | Button Holes',	'Col et revers | Boutonnières',	'',		'ปก |  รังดุม')
INSERT INTO products_pages VALUES (307,	3,	7,	'Back',					'Dos',				'',			'หลัง')
INSERT INTO products_pages VALUES (308,	3,	8,	'Elbow Patch',			'Patchs aux coudes',	'',		'ผ้ารองศอก')
INSERT INTO products_pages VALUES (309,	3,	9,	'Cuffs',				'Poignets',			'',			'แขนเบิ้ล')
INSERT INTO products_pages VALUES (310,	3,	10,	'Pockets',				'Poches',			'Bolsillos',	'กระเป๋า')
INSERT INTO products_pages VALUES (311,	3,	11,	'Breast Pocket',		'Poche poitrine',	'',			'กระเป๋าอก')
INSERT INTO products_pages VALUES (312,	3,	12,	'Pick Stitching',		'Points puce',		'',			'ดำน้ำด้านหน้า')
INSERT INTO products_pages VALUES (313,	3,	13,	'Piping',				'Passepoil',		'Ribete',	'กุ้นด้านหน้า')
INSERT INTO products_pages VALUES (314,	3,	14,	'Other',				'Autres',			'',			'อื่นๆ')
INSERT INTO products_pages VALUES (315,	3,	15,	'Interior',				'Intérieur',		'',			'ด้านใน')
INSERT INTO products_pages VALUES (316,	3,	16,	'Monogram',				'Monogramme',		'',			'ปักอักษร')
INSERT INTO products_pages VALUES (317,	3,	17,	'Comments',				'Commentaires',		'',			'ความเห็น')

-- PANTS
INSERT INTO products_pages VALUES (401,	4,	1,	'Fabrics',				'Tissus',			'',			'ผ้า')
INSERT INTO products_pages VALUES (402,	4,	2,	'Fit',					'Coupe',			'',			'ความพอดี')
INSERT INTO products_pages VALUES (403,	4,	3,	'Front',				'Avant',			'',			'หน้า')
INSERT INTO products_pages VALUES (404,	4,	4,	'Pockets',				'Poches',			'Bolsillos',	'กระเป๋า')
INSERT INTO products_pages VALUES (405,	4,	5,	'Waistband',			'Ceinture',			'',			'เอว')
INSERT INTO products_pages VALUES (406,	4,	6,	'Cuffs',				'Revers',			'',			'ปลายขา')
INSERT INTO products_pages VALUES (407,	4,	7,	'Comments',				'Commentaires',		'',			'ความเห็น')

-- WAISTCOAT
INSERT INTO products_pages VALUES (501,	5,	1,	'Fabrics',				'Tissus',			'',			'ผ้า')
INSERT INTO products_pages VALUES (502,	5,	2,	'Fit',					'Coupe',			'',			'ความพอดี')
INSERT INTO products_pages VALUES (503,	5,	3,	'Style',				'Style',			'',			'แบบ')
INSERT INTO products_pages VALUES (504,	5,	4,	'Lapel',				'Col',				'Cuello',	'ปก')
INSERT INTO products_pages VALUES (505,	5,	5,	'Pockets',				'Poches',			'Bolsillos',	'กระเป๋า')
INSERT INTO products_pages VALUES (506,	5,	6,	'Pick Stitching',		'Points puce',		'',			'ดำน้ำด้านหน้า')
INSERT INTO products_pages VALUES (507,	5,	7,	'Other',				'Autres',			'',			'อื่นๆ')
INSERT INTO products_pages VALUES (508,	5,	8,	'Comments',				'Commentaires',		'',			'ความเห็น')



-- PANTS
-- 1
INSERT INTO products_options VALUES (401, 4, 0, 1, 1,	'FABRIC QUALITY',  'Quality',      	'Qualité', 			'Calidad', 			'คุณภาพ', 		'FABRIC', 	1, 'select', 	0, 'width:270px;', 'mt50 mr10', 1, 1)
	INSERT INTO products_options_values VALUES (4011, 401,	'-', 				NULL,				'TXT_SPANISH', 		NULL, 		NULL, 		'true',	 '', 0, 1)
	INSERT INTO products_options_values VALUES (4012, 401, 	'CLASSIC', 			NULL,				'TXT_SPANISH', 		NULL, 		NULL, 		'false', 'SHOW[402,403]', 		1, 1)
	INSERT INTO products_options_values VALUES (4013, 401, 	'SIGNATURE',		NULL,				'TXT_SPANISH', 		NULL, 		NULL, 		'false', 'SHOW[402,403]', 		2, 1)
	INSERT INTO products_options_values VALUES (4014, 401, 	'LEGACY', 			NULL,				'TXT_SPANISH', 		NULL, 		NULL, 		'false', 'SHOW[402,403]', 		3, 1)
	INSERT INTO products_options_values VALUES (4015, 401, 	'PREMIUM',			NULL,				'TXT_SPANISH', 		NULL, 		NULL, 		'false', 'SHOW[402,403]', 		4, 1)
	INSERT INTO products_options_values VALUES (4016, 401, 	'Other brand',		'Autre marque', 	'TXT_SPANISH', 		'ยี่ห้ออื่น',	 	NULL, 		'false', 'SHOW[404,402,403]', 	5, 1)
	INSERT INTO products_options_values VALUES (4017, 401, 	'CMT', 				'Confection', 		'TXT_SPANISH', 		'ร้านตัดเสื้อผ้า', 	NULL, 		'false', 'SHOW[404,402,403]', 	6, 1)
INSERT INTO products_options VALUES (402, 4, 401, 1, 1,	'FABRIC REF',    'Fabric #',     	'N° tissu', 		'TXT_SPANISH', 		'เบอร์ผ้า', 		'FABRIC', 	2, 'input', 		1, 'width:180px;', 'mr10', 1, 1)
INSERT INTO products_options VALUES (403, 3, 401, 1, 1,	'FABRIC SIDE',  'Fabric Side',  	'Face', 			'TXT_SPANISH', 		'ด้านของผ้า', 		'FABRIC', 	3, 'select', 	1, 'width:130px;', '', 1, 1)
	INSERT INTO products_options_values VALUES (4031, 403, 	'Front', 			'Avant', 			'TXT_SPANISH', 		'หน้า',	 		NULL, 		'true',  '', 						1, 1)
	INSERT INTO products_options_values VALUES (4032, 403, 	'Back', 			'Arrière', 			'TXT_SPANISH', 		'หลัง', 		NULL, 		'false', '', 						2, 1)
INSERT INTO products_options VALUES (404, 4, 401, 1, 1,	'FABRIC BRAND', 'Fabric Brand', 	'Marque', 			'Marca', 			'ยี่ห้อผ้า', 		'FABRIC', 	3, 'input', 		1, 'width:180px;', 'mr10', 1, 1)
INSERT INTO products_options VALUES (410, 4, 0, 1, 1,	'LINING STYLE', 'Lining', 			'Doublure', 		'TXT_SPANISH', 		'ซับใน', 		'LINING OPTION', 9, 'image', 	0, '', 'vertical-image', 1, 1)
	INSERT INTO products_options_values VALUES (4101, 410, 	'Full Lining',		'Doublure intégrale', 'TXT_SPANISH',	'ซับเต็มตัว', 		'full', 	'false',  '', 			1, 1)
	INSERT INTO products_options_values VALUES (4102, 410, 	'Half Lining',		'Demi doublure', 	'TXT_SPANISH', 		'ซับครึ่งตัว', 		'half', 	'true',  '', 			2, 1)

-- 2
INSERT INTO products_options VALUES (414, 4, 0, 2, 0, 	'FIT', 			'Pant Fitting', 	'Coupe', 			'TXT_SPANISH', 		'ความพอดี',		'', 		1, 	'image', 0, '', 'vertical-image', 1, 1)
	INSERT INTO products_options_values VALUES (4141, 414,	'Extra Slim',		'Très ajustée',		'Extra Ajustado',	'เข้ารูปมากๆ', 	'extra-slim', 'false', '', 1, 1)
	INSERT INTO products_options_values VALUES (4142, 414,	'Slim',				'Ajustée',			'Ajustado',			'เข้ารูป',		'slim',		'false', '', 2, 1)
	INSERT INTO products_options_values VALUES (4143, 414,	'Regular',			'Normale',			'Regular',			'ธรรมดา', 		'regular',	'true', '', 3, 1)
	INSERT INTO products_options_values VALUES (4144, 414,	'Loose',			'Large',			'Flojo',			'ใส่สบาย', 		'loose',	'false', '', 4, 1)

-- 3
INSERT INTO products_options VALUES (415, 4, 0, 3, 1, 		'PLEATS', 	'Pleats', 			'Plis', 			'Pliegues', 		'จีบ',			'', 		1, 	'image', 0, '', '', 1, 1)
	INSERT INTO products_options_values VALUES (4151, 415,	'Single',			'Simple',			'Un pliegue',		'1 จีบ',		'single',	'false', '', 1, 1)
	INSERT INTO products_options_values VALUES (4152, 415,	'Double',			'Double',			'Dos pliegues',		'2 จีบ', 		'double',	'false', '', 2, 1)
	INSERT INTO products_options_values VALUES (4153, 415,	'No',				'Aucun',			'Sin pliegue',		'ไม่มีจีบ', 		'no',		'true', '', 3, 1)
INSERT INTO products_options VALUES (416, 4, 0, 3, 1, 'EXTENDED WAISTBAND', 	'Extended Waistband', 'Patte', 		'TXT_SPANISH', 		'ขอบเข็มขัด',	 	'',	 		2, 	'image', 0, '', '', 1, 1)
	INSERT INTO products_options_values VALUES (4161, 416,	'Square',			'Carrée',			'Cuadrado',			'เหลี่ยม', 		'square',	'false', '', 1, 1)
	INSERT INTO products_options_values VALUES (4162, 416,	'Cut',				'Pointe',			'Cortado',			'สามเหลี่ยม', 		'cut',		'false', '', 2, 1)
	INSERT INTO products_options_values VALUES (4163, 416,	'Round',			'Ronde',			'Redondo',			'กลม', 		'round',	'false', '', 3, 1)
	INSERT INTO products_options_values VALUES (4164, 416,	'No',				'Normale',			'No',				'ธรรมดา', 		'no',		'true', '', 4, 1)
INSERT INTO products_options VALUES (417, 4, 0, 3, 1,	'WAISTBAND FASTENING', 	'Fastening', 		'Fermeture', 		'TXT_SPANISH', 		'เอว', 			'', 		3, 	'select', 	0, '', '', 1, 1)
	INSERT INTO products_options_values VALUES (4171, 417, 	'Hook',				'Crochet', 			'TXT_SPANISH', 		'ตะขอ', 		NULL, 		'false',  '', 			1, 1)
	INSERT INTO products_options_values VALUES (4172, 417, 	'Button',			'Bouton', 			'TXT_SPANISH', 		'กระดุม',	 	NULL, 		'true',  '', 			2, 1)

-- 4
INSERT INTO products_options VALUES (418, 4, 0, 4, 1, 'FRONT POCKETS', 	'Front', 			'Avant', 			'TXT_SPANISH', 		'หน้า', 		'', 1, 'image', 0, '', '', 1, 1)
	INSERT INTO products_options_values VALUES (4181, 418,	'Straight',			'Droites',			'TXT_SPANISH',		'ตรง', 			'straight',		'false', '', 1, 1)
	INSERT INTO products_options_values VALUES (4182, 418,	'Slanted',			'Inclinées',		'TXT_SPANISH',		'เฉียง', 		'slanted',		'true', '', 2, 1)
	INSERT INTO products_options_values VALUES (4183, 418,	'Frogmouth',		'Frogmouth',		'TXT_SPANISH',		'', 		'frogmouth',	'false', '', 3, 1)
	INSERT INTO products_options_values VALUES (4184, 418,	'Jeans',			'Jeans',			'TXT_SPANISH',		'ยีนส์', 		'jeans',		'false', '', 4, 1)
	INSERT INTO products_options_values VALUES (4185, 418,	'No',				'Non',				'No',				'ไม่มี',			'no',			'false', '', 5, 1)
INSERT INTO products_options VALUES (419, 4, 0, 4, 1, 'BACK POCKETS', 	'Back', 			'Arrière', 			'TXT_SPANISH',		 'หลัง', 		'', 2, 'image', 0, '', '', 1, 1)
	INSERT INTO products_options_values VALUES (4191, 419,	'Standard',			'Standard',			'Clásico',			'ปกติ',		'standard',		'true', '', 1, 1)
	INSERT INTO products_options_values VALUES (4192, 419,	'Flap',				'Rabats',			'TXT_SPANISH',		'ฝา',			'flap',			'false', '', 2, 1)
	INSERT INTO products_options_values VALUES (4193, 419,	'Jeans',			'Jeans',			'TXT_SPANISH',		'ยีนส์',			'jeans',		'false', '', 3, 1)
	INSERT INTO products_options_values VALUES (4194, 419,	'No',				'Non',				'No',				'ไม่มี',			'no',			'false', '', 4, 1)
INSERT INTO products_options VALUES (420, 4, 0, 4, 1,	'SIDE OF POCKETS', 		'Side', 			'Côté', 			'TXT_SPANISH', 		'ด้าน',			'', 		3, 'select', 	0, '', '', 1, 1)
	INSERT INTO products_options_values VALUES (4201, 420, 	'Left',				'Gauche', 			'TXT_SPANISH',		 'ซ้าย',		NULL, 		'false',  '', 			1, 1)
	INSERT INTO products_options_values VALUES (4202, 420, 	'Right',			'Droite', 			'TXT_SPANISH',		 'ขวา',			NULL, 	'false',  '', 			2, 1)
	INSERT INTO products_options_values VALUES (4203, 420, 	'Both',				'Deux', 			'TXT_SPANISH',		 'คู่',			NULL, 		'true',  '', 			3, 1)

-- 5
INSERT INTO products_options VALUES (421, 4, 0, 5, 1, 'BELT LOOPS', 		'Belt Loops', 		'Passants', 		'TXT_SPANISH', 		'หูเข็มขัด',		'', 		1, 'image', 0, '', '', 1, 1)
	INSERT INTO products_options_values VALUES (4211, 421,	'Regular',			'Normaux',			'TXT_SPANISH',		'ธรรมดา',		'regular',		'true', '', 1, 1)
	INSERT INTO products_options_values VALUES (4212, 421,	'Double',			'Doubles',			'TXT_SPANISH',		'หูคู่',			'double',		'false', '', 2, 1)
	INSERT INTO products_options_values VALUES (4213, 421,	'No',				'Non',				'No',				'ไม่มี',			'no',		'false', '', 3, 1)
INSERT INTO products_options VALUES (422, 4, 0, 5, 1, 'BRACE BUTTONS', 	'Brace Buttons', 	'Boutons bretelles', 'TXT_SPANISH', 	'กระดุมเอี๊ยม',		'', 		2, 'select', 	0, '', '', 1, 1)
	INSERT INTO products_options_values VALUES (4221, 422, 	'Inside',			'Intérieurs', 		'TXT_SPANISH', 		'ใน', 			NULL, 		'false',  '', 			1, 1)
	INSERT INTO products_options_values VALUES (4222, 422, 	'Outside',			'Extérieurs', 		'TXT_SPANISH', 		'นอก', 		NULL, 		'false',  '', 			2, 1)
	INSERT INTO products_options_values VALUES (4223, 422, 	'No',				'Non', 				'No', 				'ไม่มี', 		NULL, 		'true',  '', 			3, 1)
INSERT INTO products_options VALUES (423, 4, 0, 5, 1, 'SIDE AJUSTERS', 	'Side Ajusters', 	'Pattes de serrage', 'TXT_SPANISH', 	'หางเต่า',		'', 		3, 'image', 0, '', 'mt10', 1, 1)
	INSERT INTO products_options_values VALUES (4231, 423,	'Buckles',			'Boucles',			'TXT_SPANISH',		'หางเต่าเข็มขัด',	'buckles',		'false', '', 1, 1)
	INSERT INTO products_options_values VALUES (4232, 423,	'Buttons',			'Boutons',			'TXT_SPANISH',		'หางเต่าดุม',		'buttons',		'false', '', 2, 1)
	INSERT INTO products_options_values VALUES (4233, 423,	'No',				'Non',				'No',				'ไม่มี',			'no',		'true', '', 3, 1)
INSERT INTO products_options VALUES (424, 4, 0, 5, 1, 'AFTER DINNER SPLIT', 'After Dinner Split', 'V d''aisance', 'TXT_SPANISH', 	'ใส่ยางยืด',	 	'', 		4, 'select', 	0, '', '', 1, 1)
	INSERT INTO products_options_values VALUES (4241, 424, 	'Yes',				'Oui', 				'Sí', 				'มี',			NULL, 		'false',  '', 			1, 1)
	INSERT INTO products_options_values VALUES (4242, 424, 	'No',				'Non', 				'No', 				'ไม่มี',			NULL, 		'true',  '', 			2, 1)

-- 6
INSERT INTO products_options VALUES (425, 4, 0, 6, 0, 'CUFFS', 			'Cuffs', 			'Revers', 			'TXT_SPANISH', 		'ปลายขา', 		'', 		1, 'image', 0, '', 'vertical-image', 1, 1)
	INSERT INTO products_options_values VALUES (4251, 425,	'Yes',				'Oui',				'Sí',				'พับ',			'yes',		'false', 'SHOW[426]', 1, 1)
	INSERT INTO products_options_values VALUES (4252, 425,	'No',				'Non',				'No',				'ธรรมดา',		'no',		'true', 'HIDE[426]', 2, 1)
INSERT INTO products_options VALUES (426, 4, 0, 6, 1,	'CUFFS WIDTH',	'Width', 			'Largeur', 			'TXT_SPANISH', 		'กว้าง', 		'', 		2, 'select', 	1, '', '', 1, 1)
	INSERT INTO products_options_values VALUES (4261, 426, 	'0.75 inch (1.90 cm)',	'1,90 cm (0,75 inch)', 	'1,90 cm (0,75 inch)', 	'TXT_THAI', 		NULL, 		'true',  '', 			1, 1)
	INSERT INTO products_options_values VALUES (4262, 426, 	'1 inch (2.54 cm)',		'2,54 cm (1 inch)', 	'2,54 cm (1 inch)', 	'TXT_THAI', 		NULL, 		'false',  '', 			2, 1)
	INSERT INTO products_options_values VALUES (4263, 426, 	'1.25 inch (3.18 cm)',	'3,18 cm (1,25 inch)', 	'3,18 cm (1,25 inch)', 	'TXT_THAI', 		NULL, 		'false',  '', 			3, 1)
	INSERT INTO products_options_values VALUES (4264, 426, 	'1.5 inch (3.80 cm)',	'3,80 cm (1,5 inch)', 	'3,80 cm (1,5 inch)', 	'TXT_THAI', 		NULL, 		'false',  '', 			4, 1)
	INSERT INTO products_options_values VALUES (4265, 426, 	'1.75 inch (4.45 cm)',	'4,45 cm (1,75 inch)', 	'4,45 cm (1,75 inch)', 	'TXT_THAI', 		NULL, 		'false',  '', 			5, 1)
	INSERT INTO products_options_values VALUES (4266, 426, 	'2 inch (5.10 cm)',		'5,10 cm (2 inch)', 	'5,10 cm (2 inch)', 	'TXT_THAI', 		NULL, 		'false',  '', 			6, 1)

-- 7
INSERT INTO products_options VALUES (427, 4, 0, 7, 0, 'COMMENTS', 		'Comments', 		'Commentaires', 	'TXT_SPANISH', 		'ความเห็น', 		'COMMENTS', 1, 'textarea', 		0, '', 'mt100 ml100 comments', 0, 1)

-- Jacket
-- 1
INSERT INTO products_options VALUES (301, 3, 0, 1, 1,	'FABRIC QUALITY',  'Quality',      	'Qualité', 			'Calidad', 			'คุณภาพ', 		'FABRIC', 1, 'select', 	0, 'width:270px;', 'mt30 mr10', 1, 1)
	INSERT INTO products_options_values VALUES (3011, 301, 	'-', 				NULL,				'TXT_SPANISH', 		'', 		NULL, 		'true',	 '', 0, 1)
	INSERT INTO products_options_values VALUES (3012, 301, 	'CLASSIC', 			NULL,				'TXT_SPANISH', 		'', 		NULL, 		'false', 'SHOW[302,303]', 		1, 1)
	INSERT INTO products_options_values VALUES (3013, 301, 	'SIGNATURE',		NULL,				'TXT_SPANISH', 		'', 		NULL, 		'false', 'SHOW[302,303]', 		2, 1)
	INSERT INTO products_options_values VALUES (3014, 301, 	'LEGACY', 			NULL,				'TXT_SPANISH', 		'', 		NULL, 		'false', 'SHOW[302,303]', 		3, 1)
	INSERT INTO products_options_values VALUES (3015, 301, 	'PREMIUM',			NULL,				'TXT_SPANISH', 		'', 		NULL, 		'false', 'SHOW[302,303]', 		4, 1)
	INSERT INTO products_options_values VALUES (3016, 301, 	'Other brand',		'Autre marque', 	'Otra marca', 		'ยี่ห้ออื่น',		NULL, 		'false', 'SHOW[304,302,303]', 	5, 1)
	INSERT INTO products_options_values VALUES (3017, 301, 	'CMT', 				'Confection', 		'TXT_SPANISH', 		'ร้านตัดเสื้อผ้า', 	NULL, 		'false', 'SHOW[304,302,303]', 	6, 1)
INSERT INTO products_options VALUES (302, 3, 301, 1, 1,	'FABRIC REF',    'Fabric #',     	'N° tissu', 		'TXT_SPANISH', 		'เบอร์ผ้า', 		'FABRIC', 	2, 'input', 		1, 'width:180px;', 'mr10', 1, 1)
INSERT INTO products_options VALUES (303, 3, 301, 1, 1,	'FABRIC SIDE',  'Fabric Side',  	'Face', 			'TXT_SPANISH', 		'ด้านของผ้า', 		'FABRIC', 	3, 'select', 	1, 'width:130px;', '', 1, 1)
	INSERT INTO products_options_values VALUES (3031, 303, 	'Front', 			'Avant', 			'TXT_SPANISH', 		'หน้า', 		NULL, 		'true',  '', 						1, 1)
	INSERT INTO products_options_values VALUES (3032, 303, 	'Back', 			'Arrière', 			'TXT_SPANISH', 		'หลัง', 		NULL, 		'false', '', 						2, 1)

INSERT INTO products_options VALUES (304, 3, 301, 1, 1,	'FABRIC BRAND', 'Fabric Brand', 	'Marque', 				'Marca', 		'ยี่ห้อผ้า', 		'FABRIC', 		3, 'input', 		1, 'width:180px;', 'mr10', 1, 1)

INSERT INTO products_options VALUES (305, 3, 0, 1, 1,	'LINING QUALITY',  'Lining',       	'Doublure', 			'TXT_SPANISH', 	'ซับใน', 		'LINING', 4, 'select', 	0, 'width:270px;', 'mt10 mr10', 1, 1)
	INSERT INTO products_options_values VALUES (3051, 305,	'-', 				NULL, 					'TXT_SPANISH', 	'', 		NULL, 'true',  '', 						0, 1)
	INSERT INTO products_options_values VALUES (3052, 305, 	'CLASSIC', 			NULL, 					'TXT_SPANISH', 	'', 		NULL, 'false', 'SHOW[308]', 			1, 1)
	INSERT INTO products_options_values VALUES (3053, 305, 	'LEGACY', 			NULL, 					'TXT_SPANISH', 	'', 		NULL, 'false', 'SHOW[306,307]', 		2, 1)
	INSERT INTO products_options_values VALUES (3054, 305, 	'PREMIUM', 			NULL, 					'TXT_SPANISH', 	'', 		NULL, 'false', 'SHOW[306,307]', 		3, 1)
	INSERT INTO products_options_values VALUES (3055, 305, 	'Other brand', 		'Autre marque',			'Otra marca', 	'ยี่ห้ออื่น',	 	NULL, 'false', 'SHOW[309,306,307]', 	5, 1)
	INSERT INTO products_options_values VALUES (3056, 305, 	'CMT', 				'Confection', 			'TXT_SPANISH', 	'ร้านตัดเสื้อผ้า', 	NULL, 'false', 'SHOW[309,306,307]', 	6, 1)
INSERT INTO products_options VALUES (306, 3, 305, 1, 1,	'LINING REF',    'Lining #',     	'N° doublure', 			'TXT_SPANISH', 	'เบอร์ซับใน', 		'LINING', 5, 'input', 		1, 'width:180px;', 'mr10', 1, 1)
INSERT INTO products_options VALUES (307, 3, 305, 1, 1,	'LINING SIDE',  'Lining Side',  	'Face', 				'TXT_SPANISH', 	'ด้านซับใน', 		'LINING', 6, 'select', 	1, 'width:130px;', '', 1, 1)
	INSERT INTO products_options_values VALUES (3071, 307, 	'Front', 			'Avant', 				'TXT_SPANISH', 	'หน้า',	 		NULL, 'true',  '', 						1, 1)
	INSERT INTO products_options_values VALUES (3072, 307, 	'Back', 			'Arrière', 				'TXT_SPANISH', 	'หลัง', 		NULL, 'false', '', 						2, 1)
INSERT INTO products_options VALUES (308, 3, 305, 1, 1,	'LINING COLOR', 'Lining Color', 	'Couleur', 				'Color', 		'สีซับใน', 			'LINING', 7, 'select', 	1, 'width:250px;', 'mr10', 1, 1)
	INSERT INTO products_options_values VALUES (3080, 308, 	'Tone on Tone',		'Ton sur ton',			'Tono sobre Tono',	'สีเดียวกัน', 		NULL, 'true',  '',	1,	1)
	INSERT INTO products_options_values VALUES (3081, 308, 	'Black',			'Noir', 				'Negro', 		'ดำ', 				NULL, 'false',  '', 						1, 1)
	INSERT INTO products_options_values VALUES (3082, 308, 	'Beige',			'Beige', 				'Beige', 		'กากี', 				NULL, 'false',  '', 						1, 1)
	INSERT INTO products_options_values VALUES (3083, 308, 	'Blue',				'Bleu',					'Azul', 		'น้ำเงิน', 			NULL, 'false',  '', 						1, 1)
	INSERT INTO products_options_values VALUES (3084, 308, 	'Green',			'Vert', 				'Verde', 		'เขียว', 			NULL, 'false',  '', 						1, 1)
	INSERT INTO products_options_values VALUES (3085, 308, 	'Grey',				'Gris', 				'Gris', 		'เทา', 				NULL, 'false',  '', 						1, 1)
	INSERT INTO products_options_values VALUES (3086, 308, 	'Orange',			'Orange', 				'Naranja', 		'ส้ม', 				NULL, 'false',  '', 						1, 1)
	INSERT INTO products_options_values VALUES (3087, 308, 	'Pink',				'Rose', 				'Rosa', 		'ชมพู', 			NULL, 'false',  '', 						1, 1)
	INSERT INTO products_options_values VALUES (3088, 308, 	'Purple',			'Violet', 				'Morado', 		'ม่วง', 			NULL, 'false',  '', 						1, 1)
	INSERT INTO products_options_values VALUES (3089, 308, 	'Red',				'Rouge', 				'Rojo', 		'แดง',				NULL, 'false',  '', 						1, 1)
	INSERT INTO products_options_values VALUES (30810, 308, 	'White',			'Blanc', 				'Blanco', 		'ขาว',  			NULL, 'false',  '', 						1, 1)
INSERT INTO products_options VALUES (309, 3, 305, 1, 1,	'LINING BRAND', 'Lining Brand', 	'Marque', 				'Marca', 		'ยี่ห้อ', 			'LINING', 8, 'input', 		1, 'width:180px;', 'mr10', 1, 1)
INSERT INTO products_options VALUES (310, 3, 0, 1, 0,	'LINING STYLE', 'Lining', 			'Doublure', 				'TXT_SPANISH', 	'ซับใน', 			'', 9, 'image', 	0, '', 'vertical-image', 1, 1)
	INSERT INTO products_options_values VALUES (3101, 310, 	'Full Lining',		'Doublure intégrale', 	'TXT_SPANISH', 	'ซับเต็มตัว', 			'full-2', 	'true',  '', 			1, 1)
	INSERT INTO products_options_values VALUES (3102, 310, 	'Half Lining',		'Demi doublure', 		'TXT_SPANISH', 	'ซับครึ่งตัว', 			'half-2', 	'false',  '', 			2, 1)
INSERT INTO products_options VALUES (311, 3, 0, 1, 0,	'FACING', 'Facing', 			'Design intérieur', 		'TXT_SPANISH', 	'แบบด้านใน', 			'', 10, 'image', 		0, '', 'vertical-image', 1, 1)
	INSERT INTO products_options_values VALUES (3111, 311, 	'Straight',			'Droit',				'TXT_SPANISH', 	'ตรง', 			'straight', 'true', '', 1, 1)
	INSERT INTO products_options_values VALUES (3112, 311, 	'Piano',			'Piano',				'TXT_SPANISH', 	'เปียโน',			'piano-2', 	'false', '', 2, 1)

-- 2
INSERT INTO products_options VALUES (312, 3, 0, 2, 0, 'CONSTRUCTION', 	'Construction', 	'Construction', 		'TXT_SPANISH',		'TXT_THAI',		'', 1, 'image', 0, '', 'vertical-image', 1, 1)
	INSERT INTO products_options_values VALUES (3121, 312, 	'Fused',			'Thermocollée',			'TXT_SPANISH',		'TXT_THAI',		'fused', 'false', '', 1, 0)
	INSERT INTO products_options_values VALUES (3122, 312, 	'Half Canvas',		'Semi-entoilée',		'TXT_SPANISH',		'TXT_THAI',		'half-canvas', 'true', '', 2, 1)
	INSERT INTO products_options_values VALUES (3123, 312, 	'Full Canvas',		'Entoilée',				'TXT_SPANISH',		'TXT_THAI',		'full-canvas', 'false', '', 3, 1)
INSERT INTO products_options VALUES (313, 3, 0, 2, 1, 'INTERLINING QUALITY', 'Quality', 		'Qualité', 				'TXT_SPANISH',		'คุณภาพ',			'', 1, 'select', 		0, '', '', 1, 1)
	INSERT INTO products_options_values VALUES (3131, 313, 	'Standard',			'Standard',				'Clásico',			'ปกติ',			NULL, 'true', '', 1, 1)
	INSERT INTO products_options_values VALUES (3132, 313, 	'Premium',			'Premium',				'TXT_SPANISH',		'พิเศษ',			NULL, 'false', '', 2, 1)

-- 3
INSERT INTO products_options VALUES (314, 3, 0, 3, 0, 	'FIT', 			'Jacket Fitting',	'Coupe', 				'TXT_SPANISH', 		'ความพอดี',		'', 1, 'image', 0, '', 'vertical-image', 1, 1)
	INSERT INTO products_options_values VALUES (3141, 314,	'Extra Slim',		'Très ajustée',			'Extra Ajustado',	'เข้ารูปมากๆ',		'extra-slim',		'false', '', 1, 1)
	INSERT INTO products_options_values VALUES (3142, 314,	'Slim',				'Ajustée',				'Ajustado',			'เข้ารูป',		'slim',		'false', '', 2, 1)
	INSERT INTO products_options_values VALUES (3143, 314,	'Regular',			'Normale',				'Regular',			'ธรรมดา',		'regular',		'true', '', 3, 1)
	INSERT INTO products_options_values VALUES (3144, 314,	'Loose',			'Large',				'Flojo',			'ใส่สบาย',		'loose',		'false', '', 4, 1)

-- 4
INSERT INTO products_options VALUES (315, 3, 0, 4, 0, 		'STYLE', 'Jacket Style', 'Style de veste', 		'TXT_SPANISH', 		'แบบ',		'', 0, 'image', 0, '', 'vertical-image', 1, 1)
	INSERT INTO products_options_values VALUES (3151, 315,	'Single 1',			'Simple 1',				'Recto 1',			'ดุม1แถว 1ดุม',		'single-1',		'false', '', 1, 1)
	INSERT INTO products_options_values VALUES (3152, 315,	'Single 2',			'Simple 2',				'Recto 2',			'ดุม1แถว 2ดุม',		'single-2',		'true', '', 2, 1)
	INSERT INTO products_options_values VALUES (3153, 315,	'Single 3',			'Simple 3',				'Recto 3',			'ดุม1แถว 3ดุม',		'single-3',		'false', '', 3, 1)
	INSERT INTO products_options_values VALUES (3154, 315,	'Single 4',			'Simple 4',				'Recto 4',			'ดุม1แถว 4ดุม',		'single-4',		'false', '', 4, 1)
	INSERT INTO products_options_values VALUES (3155, 315,	'Mandarin',			'Col officier', 		'Cuello Mandarin',	'คอจีน',			'mandarin',		'false', '', 5, 1)
	INSERT INTO products_options_values VALUES (3156, 315,	'Double 4 (1)',		'Croisée 4 (1)',		'Cruzado 4 (1)',	'ดุม2แถว 4ดุม (1)',		'doube-4-1',	'false', '', 6, 1)
	INSERT INTO products_options_values VALUES (3157, 315,	'Double 4 (2)',		'Croisée 4 (2)',		'Cruzado 4 (2)',	'ดุม2แถว 4ดุม (2)',		'doube-4-2',	'false', '', 7, 1)
	INSERT INTO products_options_values VALUES (3158, 315,	'Double 6 (2)',		'Croisée 6 (2)',		'Cruzado 6 (2)',	'ดุม2แถว 6ดุม (2)',		'doube-6-2',	'false', '', 8, 1)
	INSERT INTO products_options_values VALUES (3159, 315,	'Double 6 (3)',		'Croisée 6 (3)',		'Cruzado 6 (3)',	'ดุม2แถว 6ดุม (3)',		'doube-6-3',	'false', '', 9, 1)
	INSERT INTO products_options_values VALUES (31510, 315,	'Double 8 (4)',		'Croisée 8 (4)',		'Cruzado 8 (4)',	'ดุม2แถว 8ดุม (4)',		'doube-8-4',	'false', '', 10, 1)

-- 5
INSERT INTO products_options VALUES (316, 3, 0, 5, 0, 'LAPEL TYPE', 		'Lapel Style',		'Type de col',			'TXT_SPANISH', 		'ปก',		'', 1, 'image', 0, '', 'vertical-image', 1, 1)
	INSERT INTO products_options_values VALUES (3161, 316, 	'Notched',			'Classique',			'Recortada', 		'ธรรมดา',		'notched', 'true', 'SHOW[317]', 1, 1)
	INSERT INTO products_options_values VALUES (3162, 316, 	'Round Notched',	'Classique arrondi', 	'TXT_SPANISH', 		'TXT_THAI',		'round-notched', 'false', 'SHOW[317]', 2, 1)
	INSERT INTO products_options_values VALUES (3163, 316, 	'Peak',				'Cran aigu',			'TXT_SPANISH', 		'แหลม',		'peak', 'false', 'SHOW[317]', 3, 1)
	INSERT INTO products_options_values VALUES (3164, 316, 	'Shawl',			'Cérémonie',			'Ceremonia', 		'กล้วย',		'ceremony', 'false', 'HIDE[317]', 4, 1)
INSERT INTO products_options VALUES (317, 3, 0, 5, 1, 'LAPEL WIDTH', 	'Lapel Width',		'Largeur de col',		'TXT_SPANISH', 		'กว้าง',		'', 2, 'select', 0, '', '', 1, 1)
	INSERT INTO products_options_values VALUES (3172, 317, 	'1.50 inch (3.80 cm)', 			'3,80 cm (1,50 inch)', 	'TXT_SPANISH', 		'TXT_THAI',		NULL, 'false', '', 				1, 1)
	INSERT INTO products_options_values VALUES (3173, 317, 	'2.00 inch (5.10 cm)', 			'5,10 cm (2,00 inch)', 	'TXT_SPANISH', 		'TXT_THAI',		NULL, 'false', '', 				2, 1)
--	INSERT INTO products_options_values VALUES (3178, 317, 	'2.25 inch (7.70 cm)', 			'5,70 cm (2,25 inch)', 	'TXT_SPANISH', 		'TXT_THAI',		NULL, 'false', '', 				3, 1)
	INSERT INTO products_options_values VALUES (3171, 317, 	'2.50 inch (6.35 cm)', 			'6,35 cm (2,50 inch)', 	'TXT_SPANISH', 		'TXT_THAI',		NULL, 'false', '', 				4, 1)
	INSERT INTO products_options_values VALUES (3174, 317, 	'2,75 inch (7 cm) - Skinny', 	'7 cm (2,75 inch) - ', 	'TXT_SPANISH', 		'TXT_THAI',		NULL, 'false', '', 				5, 1)
	INSERT INTO products_options_values VALUES (3175, 317, 	'3,25 inch (8.25 cm) - Normal', '8,25 cm (3,25 inch) - Normale', 	'TXT_SPANISH', 		'TXT_THAI',		NULL, 'false', '',	6, 1)
	INSERT INTO products_options_values VALUES (3176, 317, 	'3,50 inch (9.90 cm) - Wide', 	'9,90 cm (3,50 inch) - ', 	'TXT_SPANISH', 		'TXT_THAI',		NULL, 'true', '', 			7, 1)
	INSERT INTO products_options_values VALUES (3177, 317, 	'4,00 inch (10.15 cm)',			'10,15 cm (4,00 inch)', 	'TXT_SPANISH', 		'TXT_THAI',		NULL, 'false', '', 			8, 1)

-- 6
INSERT INTO products_options VALUES (318, 3, 0, 6, 0, 'LAPEL BUTTON HOLES', 'Button Holes',	'Boutonnière',			'TXT_SPANISH', 		'รังดุม',		'', 3, 'image', 0, '', 'vertical-image', 1, 1)
	INSERT INTO products_options_values VALUES (3181, 318,	'Standard',			'Standard',				'Clásico', 			'ธรรมดา',		'standard', 'true', 'SHOW[319,320]', 1, 1)
	INSERT INTO products_options_values VALUES (3182, 318,	'2 on the left',	'2 à gauche',			'TXT_SPANISH', 		'ซ้าย2',		'2ontheleft', 'false', 'SHOW[319,320]', 2, 1)
	INSERT INTO products_options_values VALUES (3183, 318,	'1 each side',		'1 de chaque côté',		'TXT_SPANISH', 		'ซ้าย1ขวา1',		'1eachside', 'false', 'SHOW[319,320]', 3, 1)
	INSERT INTO products_options_values VALUES (3184, 318,	'No',				'Non',					'No', 				'ไม่มี',		'no', 'false', 'HIDE[319,320]', 4, 1)
INSERT INTO products_options VALUES (319, 3, 0, 6, 1, 'LAPEL FUNCTIONAL BUTTON HOLES', 'Functional', 'Fonctionnelles', 'TXT_SPANISH', 'รัง',		'', 4, 'select', 0, 'width:270px;', 'mr10', 1, 1)
	INSERT INTO products_options_values VALUES (3191, 319,	'Yes',				'Oui',					'Sí',				'จริง',		NULL, 'false', '', 0, 1)
	INSERT INTO products_options_values VALUES (3192, 319,	'No',				'Non',					'No',				'หลอก',		NULL, 'true', '', 0, 1)
INSERT INTO products_options VALUES (320, 3, 0, 6, 1, 	'LAPEL BUTTON HOLES COLOR', 'Color', 'Couleur', 'TXT_SPANISH', 'สีรังดุม',		'', 5, 'select', 0, 'width:270px;', '', 1, 1)
	INSERT INTO products_options_values VALUES (3200, 320,	'Tone on Tone',		'Ton sur ton',			'Tono sobre Tono',	'สีเดียวกัน', 	NULL,	'true',  '',	0,	1)
	INSERT INTO products_options_values VALUES (32011, 320,	'Lining Color',		'Couleur de la doublure', 'TXT_SPANISH',	'TXT_THAI', 	NULL,	'false',  '',	0,	1)
	INSERT INTO products_options_values VALUES (3201, 320,	'Black',			'Noir', 				'Negro', 			'ดำ', 		NULL, 'false',  '', 						1, 1)
	INSERT INTO products_options_values VALUES (3202, 320,	'Beige',			'Beige', 				'Beige', 			'กากี', 	NULL, 'false',  '', 						1, 1)
	INSERT INTO products_options_values VALUES (3203, 320,	'Blue',				'Bleu',					'Azul', 			'น้ำเงิน', 	NULL, 'false',  '', 						1, 1)
	INSERT INTO products_options_values VALUES (3204, 320,	'Green',			'Vert', 				'Verde', 			'เขียว', 	NULL, 'false',  '', 						1, 1)
	INSERT INTO products_options_values VALUES (3205, 320,	'Grey',				'Gris', 				'Gris', 			'เทา', 		NULL, 'false',  '', 						1, 1)
	INSERT INTO products_options_values VALUES (3206, 320,	'Orange',			'Orange', 				'Naranja', 			'ส้ม', 		NULL, 'false',  '', 						1, 1)
	INSERT INTO products_options_values VALUES (3207, 320,	'Pink',				'Rose', 				'Rosa', 			'ชมพู', 	NULL, 'false',  '', 						1, 1)
	INSERT INTO products_options_values VALUES (3208, 320,	'Purple',			'Violet', 				'Morado', 			'ม่วง', 		NULL, 'false',  '', 						1, 1)
	INSERT INTO products_options_values VALUES (3209, 320,	'Red',				'Rouge', 				'Rojo', 			'แดง',		NULL, 'false',  '', 						1, 1)
	INSERT INTO products_options_values VALUES (32010, 320,	'White',			'Blanc', 				'Blanco', 			'ขาว',  	NULL, 'false',  '', 						1, 1)

-- 7
INSERT INTO products_options VALUES (321, 3, 0, 7, 1, 	'COLLAR FELT COLOR', 		'Felt Color', 		'Couleur feutrine', 	'TXT_SPANISH', 		'สีสักหลาด',	'', 0, 'select', 0, '', '', 1, 1)
	INSERT INTO products_options_values VALUES (3210, 321, 	'Tone on Tone',		'Ton sur ton',			'Tono sobre Tono',	'สีเดียวกัน', 	NULL,	'true',  '',	1,	1)
	INSERT INTO products_options_values VALUES (3211, 321, 	'Black',			'Noir', 				'Negro', 			'ดำ', 		NULL, 'false',  '', 						1, 1)
	INSERT INTO products_options_values VALUES (3212, 321, 	'Beige',			'Beige', 				'Beige', 			'กากี', 	NULL, 'false',  '', 						1, 1)
	INSERT INTO products_options_values VALUES (3213, 321, 	'Blue',				'Bleu',					'Azul', 			'น้ำเงิน', 	NULL, 'false',  '', 						1, 1)
	INSERT INTO products_options_values VALUES (3214, 321, 	'Green',			'Vert', 				'Verde', 			'เขียว', 	NULL, 'false',  '', 						1, 1)
	INSERT INTO products_options_values VALUES (3215, 321, 	'Grey',				'Gris', 				'Gris', 			'เทา', 		NULL, 'false',  '', 						1, 1)
	INSERT INTO products_options_values VALUES (3216, 321, 	'Orange',			'Orange', 				'Naranja',			 'ส้ม', 		NULL, 'false',  '', 						1, 1)
	INSERT INTO products_options_values VALUES (3217, 321, 	'Pink',				'Rose', 				'Rosa', 			'ชมพู', 	NULL, 'false',  '', 						1, 1)
	INSERT INTO products_options_values VALUES (3218, 321, 	'Purple',			'Violet', 				'Morado', 			'ม่วง', 		NULL, 'false',  '', 						1, 1)
	INSERT INTO products_options_values VALUES (3219, 321, 	'Red',				'Rouge', 				'Rojo', 			'แดง',		NULL, 'false',  '', 						1, 1)
	INSERT INTO products_options_values VALUES (32110, 321, 	'White',			'Blanc', 				'Blanco', 			'ขาว',  	NULL, 'false',  '', 						1, 1)
INSERT INTO products_options VALUES (322, 3, 0, 7, 1, 	'VENTS', 		'Vents', 			'Fentes', 				'Abertura', 		'ผ่า', 		'', 0, 'image', 0, '', 'vertical-image', 1, 1)
	INSERT INTO products_options_values VALUES (3221, 322,	'Single',			'Milieu',				'Una Abertura',		'กลาง', 	'center',		'false', '', 1, 1)
	INSERT INTO products_options_values VALUES (3222, 322,	'Side',				'Côté',					'Doble Abertura',	'ข้าง', 		'side',		'true', '', 2, 1)
	INSERT INTO products_options_values VALUES (3223, 322,	'No',				'Sans',					'Sin Abertura',		'ไม่มี', 	'no',		'false', '', 3, 1)

-- 8
INSERT INTO products_options VALUES (323, 3, 0, 8, 0, 'ELBOW PATCH',	'Elbow Patches', 	'Patchs aux coudes', 'TXT_SPANISH', 'ผ้ารองศอก', 	'', 0, 'image', 0, '', 'vertical-image', 1, 1)
	INSERT INTO products_options_values VALUES (3231, 323,	'No',				'Non',				'No',			'ไม่มี',		'no',		'true', 'HIDE[324]', 1, 1)
	INSERT INTO products_options_values VALUES (3232, 323,	'Yes',				'Oui',				'Sí',			'มี',		'yes',		'false', 'SHOW[324]', 2, 1)
INSERT INTO products_options VALUES (324, 3, 0, 8, 1, 'ELBOW PATCH COLOR', 'Color', 		'Couleur', 			'Color', 		'สี', 	'', 1, 'select', 		1, '', '', 1, 1)
	INSERT INTO products_options_values VALUES (3240, 324, 	'Tone on Tone',		'Ton sur ton',		'Tono sobre Tono',		'สีเดียวกัน', 	NULL,	'true',  '',	1,	1)
	INSERT INTO products_options_values VALUES (3241, 324, 	'Black',			'Noir', 			'Negro', 		'ดำ', 		NULL, 'false',  '', 						1, 1)
	INSERT INTO products_options_values VALUES (3242, 324, 	'Beige',			'Beige', 			'Beige', 		'กากี', 	NULL, 'false',  '', 						1, 1)
	INSERT INTO products_options_values VALUES (3243, 324, 	'Blue',				'Bleu',				'Azul', 		'น้ำเงิน', 	NULL, 'false',  '', 						1, 1)
	INSERT INTO products_options_values VALUES (3244, 324, 	'Green',			'Vert', 			'Verde', 		'เขียว', 	NULL, 'false',  '', 						1, 1)
	INSERT INTO products_options_values VALUES (3245, 324, 	'Grey',				'Gris', 			'Gris', 		'เทา', 		NULL, 'false',  '', 						1, 1)
	INSERT INTO products_options_values VALUES (3246, 324, 	'Orange',			'Orange', 			'Naranja', 		'ส้ม', 		NULL, 'false',  '', 						1, 1)
	INSERT INTO products_options_values VALUES (3247, 324, 	'Pink',				'Rose', 			'Rosa', 		'ชมพู', 	NULL, 'false',  '', 						1, 1)
	INSERT INTO products_options_values VALUES (3248, 324, 	'Purple',			'Violet', 			'Morado', 		'ม่วง', 		NULL, 'false',  '', 						1, 1)
	INSERT INTO products_options_values VALUES (3249, 324, 	'Red',				'Rouge', 			'Rojo', 		'แดง',		NULL, 'false',  '', 						1, 1)
	INSERT INTO products_options_values VALUES (32410, 324, 	'White',			'Blanc', 			'Blanco', 		'ขาว',  	NULL, 'false',  '', 						1, 1)

-- 9
INSERT INTO products_options VALUES (325, 3, 0, 9, 1, 'CUFFS', 			'Cuffs', 			'Poignets', 	'TXT_SPANISH', 		'รัดปลาย', 		'',	0, 'image', 0, '', 'vertical-image', 1, 1)
	INSERT INTO products_options_values VALUES (3251, 325,	'Standard',			'Standards',	'Clásico',			'ธรรมดา',			'standard',		'true', '', 1, 1)
	INSERT INTO products_options_values VALUES (3252, 325,	'Functional',		'Fonctionnels',	'TXT_SPANISH',		'รังจริง',			'functional',	'false', '', 2, 1)
INSERT INTO products_options VALUES (326, 3, 0, 9, 1, 'CUFFS BUTTONS', 	'Buttons', 			'Boutons', 		'TXT_SPANISH', 		'กระดุม', '',	0, 'select', 0, '', '', 1, 1)
	INSERT INTO products_options_values VALUES (3261, 326,	'1',				'1',			'1',				'1',			NULL,			'false', '', 1, 1)
	INSERT INTO products_options_values VALUES (3262, 326,	'2',				'2',			'2',				'2',			NULL,			'false', '', 2, 1)
	INSERT INTO products_options_values VALUES (3263, 326,	'3',				'3',			'3',				'3',			NULL,			'false', '', 3, 1)
	INSERT INTO products_options_values VALUES (3264, 326,	'4',				'4',			'4',				'4',			NULL,			'true', '', 4, 1)
INSERT INTO products_options VALUES (327, 3, 0, 9, 1, 'CUFFS BUTTONS KISSING', 'Kissing', 			'Chevauchants', 'TXT_SPANISH', 		'ติดกัน', 	'', 0, 'image', 0, '', 'vertical-image', 1, 1)
	INSERT INTO products_options_values VALUES (3271, 327,	'Yes',				'Oui',			'Sí',				'ใช่',	 			'kissing',		'true', '', 1, 1)
	INSERT INTO products_options_values VALUES (3272, 327,	'No',				'Non',			'No',				'ไม่',	 			'standard',		'false', '', 2, 1)
INSERT INTO products_options VALUES (328, 3, 0, 9, 1, 'CUFFS BUTTON HOLES', 	'Button Holes', 		'Boutonnières', 		'TXT_SPANISH', 		'รังดุม',	'', 0, 'select', 0, '', '', 1, 1)
	INSERT INTO products_options_values VALUES (3281, 328,	'All - Tone on Tone',		'Toutes - ton sur ton',				'Tono sobre Tono',			'สีเดียวกัน',			NULL,		'true', '', 1, 1)
	INSERT INTO products_options_values VALUES (3282, 328,	'1st - Color of Lining',	'1ère - couleur doublure',	'1 - Color del Forro',		'1สีซับใน',				NULL,		'false', '', 2, 1)
	INSERT INTO products_options_values VALUES (3283, 328,	'2 - Color of Lining',		'2 - couleur doublure',		'2 - Color del Forro',		'2สีซับใน',				NULL,		'false', '', 3, 1)
	INSERT INTO products_options_values VALUES (3284, 328,	'All - Color of Lining',	'Toutes - couleur doublure',	'Todos - Color del Forro',	'ทั้งหมดสีซับใน',			NULL,		'false', '', 4, 1)

-- 10
INSERT INTO products_options VALUES (329, 3, 0, 10, 0, 	'SIDE POCKETS', 'Pockets', 				'Poches', 				'Bosillo', 				'กระเป๋า',	 	'', 0, 'image', 0, '', 'vertical-image', 1, 1)
	INSERT INTO products_options_values VALUES (3291, 329,	'Straight',				'Droites',				'Recto',				'ตรง',	 					'straight',			'false', 'SHOW[329]', 1, 1)
	INSERT INTO products_options_values VALUES (3292, 329,	'Straight & Ticket',	'Droites + ticket',		'Recto + Bolsillo de billete',	'ตรง + กระเป๋าไม่ซ่อน',		'straight_ticket',	'true', 'SHOW[329]', 2, 1)
	INSERT INTO products_options_values VALUES (3293, 329,	'Slanted',				'Inclinées',			'Inclinado',			'เฉียง',	 				'slanted',			'false', 'SHOW[329]', 3, 1)
	INSERT INTO products_options_values VALUES (3294, 329,	'Slanted & Ticket',		'Inclinées + ticket',	'Inclinado + Bolsillo de billete',	'เฉียง + กระเป๋าไม่ซ่อน',	'slanted_ticket',	'false', 'SHOW[329]', 4, 1)
	INSERT INTO products_options_values VALUES (3295, 329,	'Straight No Flap',		'Droites sans rabat',	'Recto sin solapa',		'ตรงไม่มีฝา',	 				'straight_no_flap',	'false', 'SHOW[329]', 5, 1)
	INSERT INTO products_options_values VALUES (3296, 329,	'Slanted No Flap',		'Inclinées sans rabat',	'Inclinado sin solapa',	'เฉียงไม่มีฝา',	 				'slanted_no_flap',	'false', 'SHOW[329]', 6, 1)
	INSERT INTO products_options_values VALUES (3297, 329,	'Patched',				'Plaquées',				'Parchado',				'กระเป๋าปะ',	 			'patched',			'false', 'SHOW[329]', 7, 1)
	INSERT INTO products_options_values VALUES (3298, 329,	'No',					'Aucune',				'Sin Bosillo',			'ไม่มี',	 					'no',				'false', 'HIDE[329]', 8, 1)

-- 11
INSERT INTO products_options VALUES (330, 3, 0, 11, 0, 'BREAST POCKETS', 'Breast Pocket', 	'Poche poitrine', 			'TXT_SPANISH',		'กระเป๋าอก',	'', 0, 'image', 0, '', 'vertical-image', 1, 1)
	INSERT INTO products_options_values VALUES (3301, 330,	'Yes',				'Oui',						'Sí',				'มี',		'yes',		'true', '', 1, 1)
	INSERT INTO products_options_values VALUES (3302, 330,	'No',				'Non',						'No',				'ไม่มี',		'no',		'false', '', 2, 1)

-- 12
INSERT INTO products_options VALUES (331, 3, 0, 12, 0, 'EXTERIOR PICK STITCHING',	'Pick Stitching', 	'Points puce',		'TXT_SPANISH',	'ดำน้ำด้านหน้า',	 	'PICK STITCHING', 0, 'image', 0, '', 'vertical-image', 1, 1)
	INSERT INTO products_options_values VALUES (3311, 331,	'Lapel',			'Col',				'Cuello',		'ปก',				'lapel',		'false', 	'SHOW[332]', 1, 1)
	INSERT INTO products_options_values VALUES (3312, 331,	'Lapel & Pockets',	'Col et poches',	'TXT_SPANISH',	'ปก-กระเป๋า',			'lapel_pockets','false', 	'SHOW[332]', 2, 1)
	INSERT INTO products_options_values VALUES (3313, 331,	'Pockets',			'Poches',			'TXT_SPANISH',	'กระเป๋า',			'pockets',		'false', 	'SHOW[332]', 3, 1)
	INSERT INTO products_options_values VALUES (3314, 331,	'No',				'Non',				'No',			'ไม่มี',				'no',			'true', 	'HIDE[332]', 4, 1)
INSERT INTO products_options VALUES (332, 3, 0, 12, 1, 'EXTERIOR PICK STITCHING COLOR', 'Color', 		'Couleur', 			'Color',  		'สีซับใน', 			'PICK STITCHING', 1, 'select', 		1, '', '', 1, 1)
	INSERT INTO products_options_values VALUES (3320, 332, 	'Tone on Tone',		'Ton sur ton',		'Tono sobre Tono',	'สีเดียวกัน',	NULL,	'true',  '',	1,	1)
	INSERT INTO products_options_values VALUES (3321, 332, 	'Black',			'Noir', 			'Negro',  		'ดำ', 				NULL, 	'false',  '', 						1, 1)
	INSERT INTO products_options_values VALUES (3322, 332, 	'Beige',			'Beige', 			'Beige',  		'กากี', 			NULL, 	'false',  '', 						1, 1)
	INSERT INTO products_options_values VALUES (3323, 332, 	'Blue',				'Bleu',				'Azul',  		'น้ำเงิน', 			NULL, 	'false',  '', 						1, 1)
	INSERT INTO products_options_values VALUES (3324, 332, 	'Green',			'Vert', 			'Verde',  		'เขียว', 			NULL, 	'false',  '', 						1, 1)
	INSERT INTO products_options_values VALUES (3325, 332, 	'Grey',				'Gris', 			'Gris',  		'เทา', 				NULL, 	'false',  '', 						1, 1)
	INSERT INTO products_options_values VALUES (3326, 332, 	'Orange',			'Orange', 			'Naranja',  	'ส้ม', 				NULL, 	'false',  '', 						1, 1)
	INSERT INTO products_options_values VALUES (3327, 332, 	'Pink',				'Rose', 			'Rosa',  		'ชมพู', 			NULL, 	'false',  '', 						1, 1)
	INSERT INTO products_options_values VALUES (3328, 332, 	'Purple',			'Violet', 			'Morado',  		'ม่วง', 				NULL, 	'false',  '', 						1, 1)
	INSERT INTO products_options_values VALUES (3329, 332, 	'Red',				'Rouge', 			'Rojo',  		'แดง',				NULL, 	'false',  '', 						1, 1)
	INSERT INTO products_options_values VALUES (33210, 332, 	'White',			'Blanc', 			'Blanco',  		'ขาว',  			NULL, 	'false',  '', 						1, 1)

-- 13
INSERT INTO products_options VALUES (333, 3, 0, 13, 0, 	'EXTERIOR PIPING', 		'Piping', 			'Passepoil', 		'Ribete',		'กุ้นด้านหน้า',			'PIPING', 0, 'image', 0, '', 'vertical-image', 1, 1)
	INSERT INTO products_options_values VALUES (3331, 333,	'Lapel',			'Col',				'Cuello',		'ปก',				'lapel',		'false', 	'SHOW[334]', 1, 1)
	INSERT INTO products_options_values VALUES (3332, 333,	'Lapel & Pockets',	'Col et poches',	'TXT_SPANISH',	'ปก-กระเป๋า',			'lapel_pockets','false', 	'SHOW[334]', 2, 1)
	INSERT INTO products_options_values VALUES (3333, 333,	'Pockets',			'Poches',			'TXT_SPANISH',	'กระเป๋า',			'pockets',		'false', 	'SHOW[334]', 3, 1)
	INSERT INTO products_options_values VALUES (3334, 333,	'No',				'Non',				'No',			'ไม่มี',				'no',			'true', 	'HIDE[334]', 4, 1)
INSERT INTO products_options VALUES (334, 3, 0, 13, 1, 'EXTERIOR PIPING COLOR', 	'Color', 			'Couleur', 			'Color',  		'สีซับใน', 			'PIPING', 1, 'select', 		1, '', '', 1, 1)
	INSERT INTO products_options_values VALUES (3340, 334, 	'Tone on Tone',		'Ton sur ton',		'Tono sobre Tono',	'สีเดียวกัน',	NULL,	'true',  '',	1,	1)
	INSERT INTO products_options_values VALUES (3341, 334, 	'Black',			'Noir', 			'Negro',  		'ดำ', 				NULL, 	'false',  '', 						1, 1)
	INSERT INTO products_options_values VALUES (3342, 334, 	'Beige',			'Beige', 			'Beige',  		'กากี', 			NULL, 	'false',  '', 						1, 1)
	INSERT INTO products_options_values VALUES (3343, 334, 	'Blue',				'Bleu',				'Azul',  		'น้ำเงิน', 			NULL, 	'false',  '', 						1, 1)
	INSERT INTO products_options_values VALUES (3344, 334, 	'Green',			'Vert', 			'Verde',  		'เขียว', 			NULL, 	'false',  '', 						1, 1)
	INSERT INTO products_options_values VALUES (3345, 334, 	'Grey',				'Gris', 			'Gris',  		'เทา', 				NULL, 	'false',  '', 						1, 1)
	INSERT INTO products_options_values VALUES (3346, 334, 	'Orange',			'Orange', 			'Naranja',  	'ส้ม', 				NULL, 	'false',  '', 						1, 1)
	INSERT INTO products_options_values VALUES (3347, 334, 	'Pink',				'Rose', 			'Rosa',  		'ชมพู', 			NULL, 	'false',  '', 						1, 1)
	INSERT INTO products_options_values VALUES (3348, 334, 	'Purple',			'Violet', 			'Morado',  		'ม่วง', 				NULL, 	'false',  '', 						1, 1)
	INSERT INTO products_options_values VALUES (3349, 334, 	'Red',				'Rouge', 			'Rojo',  		'แดง',				NULL, 	'false',  '', 						1, 1)
	INSERT INTO products_options_values VALUES (33410, 334,	'White',			'Blanc', 			'Blanco',  		'ขาว',  			NULL, 	'false',  '', 						1, 1)

-- 14
INSERT INTO products_options VALUES (335, 3, 0, 14, 1, 'SATIN',			'Satin', 			'Satin', 			'TXT_SPANISH', 	'ผ้าแพร', 			'', 1, 'image', 0, '', 'vertical-image', 1, 1)
	INSERT INTO products_options_values VALUES (3351, 335,	'Lapel',			'Col',				'Cuello',		'ปก', 				'lapel',		'false', 	'', 1, 1)
	INSERT INTO products_options_values VALUES (3352, 335,	'Lapel & Pockets',	'Col et poches',	'TXT_SPANISH',	'ปก-กระเป๋า', 		'lapel_pockets',		'false', 	'', 2, 1)
	INSERT INTO products_options_values VALUES (3353, 335,	'Pockets',			'Poches',			'TXT_SPANISH',	'กระเป๋า', 			'pockets',		'false', 	'', 3, 1)
	INSERT INTO products_options_values VALUES (3354, 335,	'No',				'Non',				'No',			'ไม่มี', 			'no',		'true', 	'', 4, 1)
INSERT INTO products_options VALUES (336, 3, 0, 14, 1, 'BUTTONS TYPE', 	'Buttons', 			'Boutons', 			'TXT_SPANISH', 'กระดุม', 		'', 2, 'select', 0, 'width:200px;', 'mt30 mr10', 1, 1)
	INSERT INTO products_options_values VALUES (3361, 336, 	'Standard',			'Standard', 		'Clásico', 		'ธรรมดา', 			NULL, 'true',  'SHOW[337]', 						1, 1)
	INSERT INTO products_options_values VALUES (3362, 336, 	'Mother of pearl',	'Nacre', 			'Madreperla', 	'มุก', 				NULL, 'false',  'SHOW[337]', 						2, 1)
	INSERT INTO products_options_values VALUES (3363, 336, 	'Covered',			'Recouvert',		'TXT_SPANISH', 	'กระดุมปั๊ม', 		NULL, 'false',  'HIDE[337]', 						3, 1)
	INSERT INTO products_options_values VALUES (3364, 336, 	'Golden',			'Doré',				'TXT_SPANISH', 	'ทอง', 		NULL, 'false',  'SHOW[337]', 						4, 1)
INSERT INTO products_options VALUES (337, 3, 336, 14, 1,	'BUTTONS REF',	'Reference #',   	'Référence', 		'TXT_SPANISH',	'แบบกระดุม', 	'', 3, 'input', 		0, 'width:200px;', '', 0, 1)

-- 15
INSERT INTO products_options VALUES (340, 3, 0, 15, 1, 'INTERIOR PICK STITCHING', 'Pick Stitching', 	'Points puce', 	'TXT_SPANISH',	'ดำน้ำด้านหน้า', 	'', 1, 'image', 0, 'width:50%', 'vertical-image', 1, 1)
	INSERT INTO products_options_values VALUES (3401, 340,	'Yes',				'Oui',				'Sí',			'มี',				'yes',		'false', 		'SHOW[342]', 1, 1)
	INSERT INTO products_options_values VALUES (3402, 340,	'No',				'Non',				'No',			'ไม่มี',			'no',		'true', 	'HIDE[342]', 2, 1)
INSERT INTO products_options VALUES (341, 3, 340, 15, 1, 'INTERIOR PIPING', 'Piping', 		'Passepoil', 		'TXT_SPANISH',	'กุ้นด้านหน้า', 	'', 2, 'image', 0, '', 'vertical-image ml50', 1, 1)
	INSERT INTO products_options_values VALUES (3411, 341,	'Yes',				'Oui',				'Sí',			'มี',				'yes',		'false', 		'SHOW[343]', 1, 1)
	INSERT INTO products_options_values VALUES (3412, 341,	'No',				'Non',				'No',			'ไม่มี',			'no',		'true', 	'HIDE[343]', 2, 1)
INSERT INTO products_options VALUES (342, 3, 0, 15, 1,'INTERIOR PICK STITCHING COLOR', 'Color', 	'Couleur', 		'Color',  		'สีซับใน', 	'', 3, 'select', 		1, '', '', 1, 1)
	INSERT INTO products_options_values VALUES (3420, 342, 'Tone on Tone',		'Ton sur ton',		'Tono sobre Tono',	'สีเดียวกัน',	NULL,	'true',  '',	1,	1)
	INSERT INTO products_options_values VALUES (3421, 342, 'Black',				'Noir', 			'Negro',  		'ดำ', 				NULL, 	'false',  '', 						1, 1)
	INSERT INTO products_options_values VALUES (3422, 342, 'Beige',				'Beige', 			'Beige',  		'กากี', 			NULL, 	'false',  '', 						1, 1)
	INSERT INTO products_options_values VALUES (3423, 342, 'Blue',				'Bleu',				'Azul',  		'น้ำเงิน', 			NULL, 	'false',  '', 						1, 1)
	INSERT INTO products_options_values VALUES (3424, 342, 'Green',				'Vert', 			'Verde',  		'เขียว', 			NULL, 	'false',  '', 						1, 1)
	INSERT INTO products_options_values VALUES (3425, 342, 'Grey',				'Gris', 			'Gris',  		'เทา', 			NULL, 	'false',  '', 						1, 1)
	INSERT INTO products_options_values VALUES (3426, 342, 'Orange',				'Orange', 			'Naranja',  	'ส้ม', 				NULL, 	'false',  '', 						1, 1)
	INSERT INTO products_options_values VALUES (3427, 342, 'Pink',				'Rose', 			'Rosa',  		'ชมพู', 			NULL, 	'false',  '', 						1, 1)
	INSERT INTO products_options_values VALUES (3428, 342, 'Purple',				'Violet', 			'Morado',  		'ม่วง', 			NULL, 	'false',  '', 						1, 1)
	INSERT INTO products_options_values VALUES (3429, 342, 'Red',				'Rouge', 			'Rojo',  		'แดง',			NULL, 	'false',  '', 						1, 1)
	INSERT INTO products_options_values VALUES (34210, 342, 'White',				'Blanc', 			'Blanco',  		'ขาว',  			NULL, 	'false',  '', 						1, 1)
INSERT INTO products_options VALUES (343, 3, 0, 15, 1,	'INTERIOR PIPING COLOR', 'Color', 	'Couleur', 			'Color',  		'สีซับใน', 			'', 4, 'select', 		1, '', '', 1, 1)
	INSERT INTO products_options_values VALUES (3430, 343, 'Tone on Tone',		'Ton sur ton',		'Tono sobre Tono',	'สีเดียวกัน',	NULL,	'true',  '',	1,	1)
	INSERT INTO products_options_values VALUES (3431, 343, 'Black',				'Noir', 			'Negro',  		'ดำ', 				NULL, 	'false',  '', 						1, 1)
	INSERT INTO products_options_values VALUES (3432, 343, 'Beige',				'Beige', 			'Beige',  		'กากี', 			NULL, 	'false',  '', 						1, 1)
	INSERT INTO products_options_values VALUES (3433, 343, 'Blue',				'Bleu',				'Azul', 		'น้ำเงิน', 			NULL, 	'false',  '', 						1, 1)
	INSERT INTO products_options_values VALUES (3434, 343, 'Green',				'Vert', 			'Verde', 		'เขียว', 			NULL, 	'false',  '', 						1, 1)
	INSERT INTO products_options_values VALUES (3435, 343, 'Grey',				'Gris', 			'Gris',  		'เทา', 			NULL, 	'false',  '', 						1, 1)
	INSERT INTO products_options_values VALUES (3436, 343, 'Orange',				'Orange', 			'Naranja',  	'ส้ม', 				NULL, 	'false',  '', 						1, 1)
	INSERT INTO products_options_values VALUES (3437, 343, 'Pink',				'Rose', 			'Rosa',  		'ชมพู', 			NULL, 	'false',  '', 						1, 1)
	INSERT INTO products_options_values VALUES (3438, 343, 'Purple',				'Violet', 			'Morado',  		'ม่วง', 			NULL, 	'false',  '', 						1, 1)
	INSERT INTO products_options_values VALUES (3439, 343, 'Red',				'Rouge', 			'Rojo',  		'แดง',			NULL, 	'false',  '', 						1, 1)
	INSERT INTO products_options_values VALUES (34310, 343, 'White',				'Blanc', 			'Blanco',  		'ขาว',  			NULL, 	'false',  '', 						1, 1)
INSERT INTO products_options VALUES (339, 3, 0, 15, 1, 'INTERIOR PEN POCKET', 'Pen Pocket', 	'Poche stylo', 		'TXT_SPANISH',	'กระเป๋าปากกา', 		'', 5, 'select', 0, '', 'mt30', 1, 1)
	INSERT INTO products_options_values VALUES (3391, 339,	'Yes',				'Oui',				'Sí',			'มี',				NULL,			'true', 	'', 1, 1)
	INSERT INTO products_options_values VALUES (3392, 339,	'No',				'Non',				'No',			'ไม่มี',			NULL,			'false', 	'', 2, 1)

-- 16
INSERT INTO products_options VALUES (344, 3, 0, 16, 0, 	'MONOGRAM', 	'Monogram', 		'Monogramme', 		'TXT_SPANISH',	'ปักอักษร', 	'', 0, 'image', 0, '', '', 1, 1)
	INSERT INTO products_options_values VALUES (3441, 344,	'Inner Pocket',		'Poche intérieure',	'TXT_SPANISH',	'กระเป๋าใน',			'inner-pocket',		'false', 	'SHOW[345,346,347]', 1, 1)
	INSERT INTO products_options_values VALUES (3442, 344,	'Collar Felt',		'Feutrine col',		'TXT_SPANISH',	'ปกสักหลาด',			'collar-felt',		'false', 	'SHOW[345,346,347]', 2, 1)
	INSERT INTO products_options_values VALUES (3443, 344,	'No',				'Non',				'No',			'ไม่มี',			'no',		'true', 	'HIDE[345,346,347]', 3, 1)
INSERT INTO products_options VALUES (345, 3, 0, 16, 1, 'MONOGRAM FONT', 	'Font',				'Police', 			'TXT_SPANISH',	'แบบตัวอักษร', 	'', 0, 'image', 1, '', '', 1, 1)
	INSERT INTO products_options_values VALUES (3451, 345,	'Block',			'Block',			'Block',		'ปักตัวพิมพ์',	'block',		'true', 	'', 1, 1)
	INSERT INTO products_options_values VALUES (3452, 345,	'Script',			'Script',			'Script',		'ปักตัวเขียน',	'script',		'false', 	'', 2, 1)
INSERT INTO products_options VALUES (346, 3, 0, 16, 1, 'MONOGRAM COLOR', 'Color', 			'Couleur', 			'Color',  		'สีซับใน', 	'', 1, 'select', 		1, 'width:200px;', 'mr10', 1, 1)
	INSERT INTO products_options_values VALUES (3460, 346, 	'Tone on Tone',		'Ton sur ton',		'Tono sobre Tono',	'สีเดียวกัน',	NULL,	'true',  'SHOW[347]',	1,	1)
	INSERT INTO products_options_values VALUES (3461, 346, 	'Black',			'Noir', 			'Negro',  		'ดำ', 		NULL, 'false',  'SHOW[347]', 						1, 1)
	INSERT INTO products_options_values VALUES (3462, 346, 	'Beige',			'Beige', 			'Beige',  		'กากี', 	NULL, 'false',  'SHOW[347]', 						1, 1)
	INSERT INTO products_options_values VALUES (3463, 346, 	'Blue',				'Bleu',				'Azul',  		'น้ำเงิน', 	NULL, 'false',  'SHOW[347]', 						1, 1)
	INSERT INTO products_options_values VALUES (3464, 346, 	'Green',			'Vert', 			'Verde',  		'เขียว', 	NULL, 'false',  'SHOW[347]', 						1, 1)
	INSERT INTO products_options_values VALUES (3465, 346, 	'Grey',				'Gris', 			'Gris',  		'เทา', 		NULL, 'false',  'SHOW[347]', 						1, 1)
	INSERT INTO products_options_values VALUES (3466, 346, 	'Orange',			'Orange', 			'Naranja',  	'ส้ม', 		NULL, 'false',  'SHOW[347]', 						1, 1)
	INSERT INTO products_options_values VALUES (3467, 346, 	'Pink',				'Rose', 			'Rosa',  		'ชมพู', 	NULL, 'false',  'SHOW[347]', 						1, 1)
	INSERT INTO products_options_values VALUES (3468, 346, 	'Purple',			'Violet', 			'Morado',  		'ม่วง', 		NULL, 'false',  'SHOW[347]', 						1, 1)
	INSERT INTO products_options_values VALUES (3469, 346, 	'Red',				'Rouge', 			'Rojo',  		'แดง',		NULL, 'false',  'SHOW[347]', 						1, 1)
	INSERT INTO products_options_values VALUES (34610, 346, 	'White',			'Blanc', 			'Blanco',  		'ขาว',  	NULL, 'false',  'SHOW[347]', 						1, 1)
INSERT INTO products_options VALUES (347, 3, 346, 16, 1,	'MONOGRAM TEXT',  'Text',   		'Texte', 			'Texto', 		'ปัก', 		'', 2, 'input', 		1, 'width:200px;', '', 1, 1)

-- 17
INSERT INTO products_options VALUES (348, 3, 0, 17, 0,	'COMMENTS', 	'Comments', 		'Commentaires', 	'TXT_SPANISH', 	'ความเห็น', 'COMMENTS', 1, 'textarea', 		0, '', 'mt100 ml100 comments', 0, 1)

-- Waistcoat
-- 1
INSERT INTO products_options VALUES (501, 5, 0, 1, 1,	'FABRIC QUALITY',  'Quality',			'Qualité', 			'Calidad', 		'คุณภาพ',	 		'FABRIC', 1, 'select', 	0, 'width:270px;', 'mt50 mr10', 1, 1)
	INSERT INTO products_options_values VALUES (5011, 501, 	'-', 				NULL,				NULL, 			'TXT_THAI',	 	NULL, 		'true',	 '', 0, 1)
	INSERT INTO products_options_values VALUES (5012, 501, 	'CLASSIC', 			NULL,				NULL, 			'TXT_THAI',	 	NULL, 		'false', 'SHOW[502,503]', 		1, 1)
	INSERT INTO products_options_values VALUES (5013, 501, 	'SIGNATURE',		NULL,				NULL, 			'TXT_THAI',		NULL, 		'false', 'SHOW[502,503]', 		2, 1)
	INSERT INTO products_options_values VALUES (5014, 501, 	'LEGACY', 			NULL,				NULL, 			'TXT_THAI',	 	NULL, 		'false', 'SHOW[502,503]', 		3, 1)
	INSERT INTO products_options_values VALUES (5015, 501, 	'PREMIUM',			NULL,				NULL, 			'TXT_THAI',	 	NULL, 		'false', 'SHOW[502,503]', 		4, 1)
	INSERT INTO products_options_values VALUES (5016, 501, 	'Other brand',		'Autre marque', 	'Otra marca', 	'ยี่ห้ออื่น', 			NULL, 		'false', 'SHOW[504,502,503]', 	5, 1)
	INSERT INTO products_options_values VALUES (5017, 501, 	'CMT', 				'Confection', 		'TXT_SPANISH',	 'ร้านตัดเสื้อผ้า', 		NULL, 		'false', 'SHOW[504,502,503]', 	6, 1)
INSERT INTO products_options VALUES (502, 5, 501, 1, 1,	'FABRIC REF',    'Fabric #',     	'N° tissu', 		'TXT_SPANISH', 	'เบอร์ผ้า', 			'FABRIC', 2, 'input', 		1, 'width:180px;', 'mr10', 1, 1)
INSERT INTO products_options VALUES (503, 5, 501, 1, 1,	'FABRIC SIDE',  'Fabric Side',  	'Face', 			'TXT_SPANISH', 	'ด้านของผ้า',	 		'FABRIC', 3, 'select', 	1, 'width:130px;', '', 1, 1)
	INSERT INTO products_options_values VALUES (5031, 503, 	'Front', 			'Avant', 			'TXT_SPANISH', 	'หน้า',	 			NULL, 		'true',  '', 						1, 1)
	INSERT INTO products_options_values VALUES (5032, 503, 	'Back', 			'Arrière', 			'TXT_SPANISH', 	'หลัง',	 			NULL, 		'false', '', 						2, 1)

INSERT INTO products_options VALUES (504, 5, 501, 1, 1,	'FABRIC BRAND', 'Fabric Brand', 	'Marque', 			'Marca', 		'ยี่ห้อผ้า',	 	'FABRIC', 3, 'input', 		1, 'width:180px;', 'mr10', 1, 1)

INSERT INTO products_options VALUES (505, 5, 0, 1, 1,	'LINING QUALITY',  'Lining',       	'Doublure', 		'TXT_SPANISH', 	'ซับใน',		'LINING', 4, 'select', 	0, 'width:270px;', 'mt50 mr10', 1, 1)
	INSERT INTO products_options_values VALUES (5051, 505, 	'-', 				NULL, 				'TXT_SPANISH', 	'TXT_THAI',		NULL, 		'true',  '', 						0, 1)
	INSERT INTO products_options_values VALUES (5057, 505, 	'Same as Jacket',		'Identique à la veste', 'TXT_SPANISH', 	'TXT_THAI',	NULL, 		'false', '', 					1, 1)
	INSERT INTO products_options_values VALUES (5052, 505, 	'CLASSIC', 			NULL, 				'TXT_SPANISH', 	'TXT_THAI',		NULL, 		'false', 'SHOW[508]', 			2, 1)
	INSERT INTO products_options_values VALUES (5053, 505, 	'LEGACY', 			NULL, 				'TXT_SPANISH', 	'TXT_THAI',		NULL, 		'false', 'SHOW[506,507]', 		3, 1)
	INSERT INTO products_options_values VALUES (5054, 505, 	'PREMIUM', 			NULL, 				'TXT_SPANISH', 	'TXT_THAI',		NULL, 		'false', 'SHOW[506,507]', 		4, 1)
	INSERT INTO products_options_values VALUES (5055, 505, 	'Other brand', 		'Autre marque', 	'Otra marca', 	'ยี่ห้ออื่น', 			NULL, 		'false', 'SHOW[509,506,507]', 	5, 1)
	INSERT INTO products_options_values VALUES (5056, 505, 	'CMT', 				'Confection', 		'TXT_SPANISH', 	'ร้านตัดเสื้อผ้า', 		NULL, 		'false', 'SHOW[509,506,507]', 	6, 1)
INSERT INTO products_options VALUES (506, 5, 505, 1, 1,	'LINING REF',    'Lining #',     	'N° doublure', 		'TXT_SPANISH', 	'เบอร์ซับใน',		'LINING', 5, 'input', 		1, 'width:180px;', 'mr10', 1, 1)
INSERT INTO products_options VALUES (507, 5, 505, 1, 1,	'LINING SIDE',  'Lining Side',  	'Face', 			'TXT_SPANISH', 	'ด้านซับใน',		'LINING', 6, 'select', 	1, 'width:130px;', '', 1, 1)
	INSERT INTO products_options_values VALUES (5071, 507, 	'Front', 			'Avant', 			'TXT_SPANISH', 	'หน้า',				NULL, 		'true',  '', 						1, 1)
	INSERT INTO products_options_values VALUES (5072, 507, 	'Back', 			'Arrière', 			'TXT_SPANISH', 	'หลัง',				NULL, 		'false', '', 						2, 1)
INSERT INTO products_options VALUES (508, 5, 505, 1, 1,	'LINING COLOR', 'Lining Color', 	'Couleur', 			'Color',  		'สีซับใน', 	'LINING', 7, 'select', 	1, 'width:250px;', 'mr10', 1, 1)
	INSERT INTO products_options_values VALUES (5080, 508, 	'Tone on Tone',		'Ton sur ton',		'Tono sobre Tono',	'สีเดียวกัน',	NULL,		'true',  '',	1,	1)
	INSERT INTO products_options_values VALUES (5081, 508, 	'Black',			'Noir', 			'Negro',  		'ดำ', 				NULL, 		'false',  '', 						1, 1)
	INSERT INTO products_options_values VALUES (5082, 508, 	'Beige',			'Beige', 			'Beige',  		'กากี', 			NULL, 		'false',  '', 						1, 1)
	INSERT INTO products_options_values VALUES (5083, 508, 	'Blue',				'Bleu',				'Azul',  		'น้ำเงิน', 			NULL, 		'false',  '', 						1, 1)
	INSERT INTO products_options_values VALUES (5084, 508, 	'Green',			'Vert', 			'Verde',  		'เขียว', 			NULL, 		'false',  '', 						1, 1)
	INSERT INTO products_options_values VALUES (5085, 508, 	'Grey',				'Gris', 			'Gris',  		'เทา', 				NULL, 		'false',  '', 						1, 1)
	INSERT INTO products_options_values VALUES (5086, 508, 	'Orange',			'Orange', 			'Naranja',  	'ส้ม', 				NULL, 		'false',  '', 						1, 1)
	INSERT INTO products_options_values VALUES (5087, 508, 	'Pink',				'Rose', 			'Rosa',  		'ชมพู', 			NULL, 		'false',  '', 						1, 1)
	INSERT INTO products_options_values VALUES (5088, 508, 	'Purple',			'Violet', 			'Morado',  		'ม่วง', 				NULL, 		'false',  '', 						1, 1)
	INSERT INTO products_options_values VALUES (5089, 508, 	'Red',				'Rouge', 			'Rojo',  		'แดง',				NULL, 		'false',  '', 						1, 1)
	INSERT INTO products_options_values VALUES (50810, 508, 	'White',			'Blanc', 			'Blanco',  		'ขาว',  			NULL, 		'false',  '', 						1, 1)
INSERT INTO products_options VALUES (509, 5, 505, 1, 1,	'LINING BRAND', 'Lining Brand', 	'Marque', 			'Marca', 		'ยี่ห้อ',			'LINING', 	8, 'input', 		1, 'width:180px;', 'mr10', 1, 1)
INSERT INTO products_options VALUES (510, 5, 0, 1, 1,	'BACK FABRIC', 		'Back', 			'Dos', 			'TXT_SPANISH', 	'หลัง',				'', 		9, 'select', 	0, 'width:270px;', '', 1, 1)
	INSERT INTO products_options_values VALUES (5101, 510, 	'Fabric',			'Tissu', 			'TXT_SPANISH', 	'ผ้า',			'fabric', 		'true',  '', 			1, 1)
	INSERT INTO products_options_values VALUES (5102, 510, 	'Lining',			'Doublure', 		'TXT_SPANISH', 	'ซับใน',		'lining', 		'false',  '', 			2, 1)

-- 2
INSERT INTO products_options VALUES (514, 5, 0, 2, 0, 	'FIT', 			'Jacket Fitting', 	'Coupe', 			'TXT_SPANISH', 		'ความพอดี',	'', 1, 'image', 0, '', 'vertical-image', 1, 1)
	INSERT INTO products_options_values VALUES (5141, 514,	'Extra Slim',		'Très ajustée',		'Extra Ajustado',	'เข้ารูปมากๆ',	'extra-slim',	'false', '', 1, 1)
	INSERT INTO products_options_values VALUES (5142, 514,	'Slim',				'Ajustée',			'Ajustado',			'เข้ารูป',	'slim',			'false', '', 2, 1)
	INSERT INTO products_options_values VALUES (5143, 514,	'Regular',			'Normale',			'Regular',			'ธรรมดา',	'regular',		'true', '', 3, 1)
	INSERT INTO products_options_values VALUES (5144, 514,	'Loose',			'Large',			'Flojo',			'ใส่สบาย',	'loose',		'false', '', 4, 1)

-- 3
INSERT INTO products_options VALUES (515, 5, 0, 3, 0, 	'STYLE', 		'Style', 			'Style', 			'TXT_SPANISH',	'แบบ', 	'', 1, 'image', 0, '', 'vertical-image', 1, 1)
	INSERT INTO products_options_values VALUES (5151, 515,	'Single 4',			'Droit, 4',			'TXT_SPANISH',	'ดุม1แถว 4ดุม',		'single-4',		'true', '', 1, 1)
	INSERT INTO products_options_values VALUES (5152, 515,	'Single 5',			'Droit, 5',			'TXT_SPANISH',	'ดุม1แถว 5ดุม',		'single-5',		'false', '', 2, 1)
	INSERT INTO products_options_values VALUES (5153, 515,	'Single 6',			'Droit, 6',			'TXT_SPANISH',	'ดุม1แถว 6ดุม',		'single-6',		'false', '', 3, 1)
	INSERT INTO products_options_values VALUES (5154, 515,	'Double 4',			'Croisé, 4',		'TXT_SPANISH',	'ดุม2แถว 4ดุม',		'double-4',		'false', '', 4, 1)
	INSERT INTO products_options_values VALUES (5155, 515,	'Double 6',			'Croisé, 6',		'TXT_SPANISH',	'ดุม2แถว 6ดุม',		'double-6',		'false', '', 5, 1)
	INSERT INTO products_options_values VALUES (5156, 515,	'Double 8',			'Croisé, 8',		'TXT_SPANISH',	'ดุม2แถว 8ดุม',		'double-8',		'false', '', 6, 1)
INSERT INTO products_options VALUES (516, 5, 0, 3, 1, 'BOTTOM TYPE', 	'Bottom', 			'Bas', 				'TXT_SPANISH',	'ชาย', 	'', 2, 'image', 0, '', '', 1, 1)
	INSERT INTO products_options_values VALUES (5161, 516,	'Peak',				'Pointu',			'En pico',		'แหลม',			'peak',			'false', '', 1, 1)
	INSERT INTO products_options_values VALUES (5162, 516,	'Round',			'Rond',				'Redondo',		'กลม',				'round',		'false', '', 2, 1)
	INSERT INTO products_options_values VALUES (5163, 516,	'Straight',			'Droit',			'TXT_SPANISH',	'ตรง',				'straight',		'true', '', 3, 1)

-- 4
INSERT INTO products_options VALUES (517, 5, 0, 4, 0, 'LAPEL TYPE', 			'Lapel', 			'Col', 				'TXT_SPANISH',	'ปก', 				'', 1, 'image', 0, '', 'vertical-image', 1, 1)
	INSERT INTO products_options_values VALUES (5171, 517,	'Notched',			'Classique',		'Clásico',		'ธรรมดา',			'notched',		'false', '', 1, 1)
	INSERT INTO products_options_values VALUES (5172, 517,	'Peak',				'Pointu',			'En pico',		'แหลม',			'peak',			'false', '', 2, 1)
	INSERT INTO products_options_values VALUES (5173, 517,	'Shawl',			'Cérémonie',		'Ceremonia',	'กล้วย',			'ceremony',		'false', '', 3, 1)
	INSERT INTO products_options_values VALUES (5174, 517,	'No',				'Non',				'No',			'ไม่มี',				'no',			'true', '', 4, 1)
INSERT INTO products_options VALUES (518, 5, 0, 4, 1, 'LAPEL SHAPE', 	'Shape', 			'Forme', 			'TXT_SPANISH',	'แบบคอ', 			'', 2, 'image', 0, '', '', 1, 1)
	INSERT INTO products_options_values VALUES (5181, 518,	'U',				'U',				'U',			'U',			'u',			'true', '', 1, 1)
	INSERT INTO products_options_values VALUES (5182, 518,	'V',				'V',				'V',			'V',			'v',			'false', '', 2, 1)

-- 5
INSERT INTO products_options VALUES (519, 5, 0, 5, 0, 'SIDE POCKETS', 		'Pockets', 			'Poches', 			'TXT_SPANISH',	'กระเป๋า', 			'', 1, 'image', 0, '', 'vertical-image', 1, 1)
	INSERT INTO products_options_values VALUES (5191, 519,	'Straight No Flap',	'Droites sans rabat', 'TXT_SPANISH', 'ตรงไม่มีฝา',		'straight',		'true', '', 1, 1)
	INSERT INTO products_options_values VALUES (5192, 519,	'Straight',			'Droites',			'TXT_SPANISH',	'ตรง',				'flap',			'false', '', 2, 1)
	INSERT INTO products_options_values VALUES (5193, 519,	'No',				'Aucune',			'No',			'ไม่มี',				'no',			'false', '', 3, 1)
INSERT INTO products_options VALUES (520, 5, 0, 5, 1, 'BREAST POCKET', 	'Breast Pocket', 	'Poche poitrine', 	'TXT_SPANISH',	'กระเป๋าอก',	 		'', 2, 'image', 0, '', '', 1, 1)
	INSERT INTO products_options_values VALUES (5201, 520,	'Yes',				'Oui',				'TXT_SPANISH',	'มี',				'yes',			'true', '', 1, 1)
	INSERT INTO products_options_values VALUES (5202, 520,	'No',				'Non',				'No',			'ไม่มี',				'no',			'false', '', 2, 1)

-- 6
INSERT INTO products_options VALUES (521, 5, 0, 6, 0, 'PICK STITCHING', 	'Pick Stitching', 	'Points puce', 		'TXT_SPANISH',	'ดำน้ำด้านหน้า', 		'', 1, 'image', 0, '', 'vertical-image', 1, 1)
	INSERT INTO products_options_values VALUES (5211, 521,	'Lapel Only',		'Col seul',			'Cuello',		'ปก',				'lapel',		'false', '', 1, 1)
	INSERT INTO products_options_values VALUES (5212, 521,	'All',				'Partout',			'TXT_SPANISH',	'ทั้งตัว',			'all',			'false', '', 2, 1)
	INSERT INTO products_options_values VALUES (5213, 521,	'No',				'Non',				'No',			'ไม่มี',				'no',			'true', '', 3, 1)

-- 7
INSERT INTO products_options VALUES (522, 5, 0, 7, 1, 'BUTTONS TYPE',  		'Buttons',       	'Boutons', 			'TXT_SPANISH',	'TXT_THAI', 	'', 1, 'select', 	0, '', 'vertical-image', 1, 1)
	INSERT INTO products_options_values VALUES (5221, 522, 	'Same as Jacket', 	'Identique à la veste',	'TXT_SPANISH',	'TXT_THAI', 	NULL, 			'true',	 '', 1, 1)
	INSERT INTO products_options_values VALUES (5222, 522, 	'Classic', 			'Standard',			'TXT_SPANISH',	'TXT_THAI', 	NULL, 			'false',	 '', 2, 1)
	INSERT INTO products_options_values VALUES (5223, 522, 	'Mother Of Pearl', 	'Nacre',			'TXT_SPANISH',	'TXT_THAI', 	NULL, 			'false',	 '', 3, 1)
	INSERT INTO products_options_values VALUES (5224, 522, 	'Covered', 			'Recouvert',		'TXT_SPANISH',	'TXT_THAI', 	NULL, 			'false',	 '', 4, 1)
	INSERT INTO products_options_values VALUES (5225, 522, 	'Golden', 			'Doré',				'TXT_SPANISH',	'TXT_THAI', 	NULL, 			'false',	 '', 5, 1)

INSERT INTO products_options VALUES (523, 5, 0, 7, 1, 'BUTTON HOLES COLOR',  	'Buttons Holes',  	'Boutonnières', 	'TXT_SPANISH',	'รังดุม', 	'', 2, 'select', 	0, '', '', 1, 1)
	INSERT INTO products_options_values VALUES (5231, 523, 	'All - Tone on Tone', 	'Toutes - ton sur ton', 'TXT_SPANISH',	'TXT_THAI', 	NULL, 			'true',  '', 						1, 1)
	INSERT INTO products_options_values VALUES (5232, 523, 	'All - Color of Lining', 'Toutes - couleur doublure', 'TXT_SPANISH',	'TXT_THAI', 	NULL, 			'false', '', 						2, 1)
INSERT INTO products_options VALUES (524, 5, 0, 7, 1, 'BELT', 			'Belt', 			'Ceinture', 		'TXT_SPANISH',	'เข็มขัด', 	'', 3, 'image', 0, '', 'vertical-image', 1, 1)
	INSERT INTO products_options_values VALUES (5241, 524,	'Buckle',			'Boucle',			'TXT_SPANISH',	'หางเต่าเข็มขัด',		'buckle',		'true', '', 1, 1)
	INSERT INTO products_options_values VALUES (5242, 524,	'Buttons',			'Boutons',			'TXT_SPANISH',	'กระดุม',		'buttons',		'false', '', 2, 1)
	INSERT INTO products_options_values VALUES (5243, 524,	'No',				'Non',				'No',			'ไม่มี',				'no',			'false', '', 3, 1)

-- 8
INSERT INTO products_options VALUES (525, 5, 0, 8, 0,	'COMMENTS', 	'Comments', 		'Commentaires', 	'TXT_SPANISH', 		'ความเห็น', 	'COMMENTS', 1, 'textarea', 		0, '', 'mt100 ml100 comments', 0, 1)


-- SHIRT
-- 1
INSERT INTO products_options VALUES (101, 1, 0, 1, 1,	'FABRIC QUALITY',  'Quality',      	'Qualité', 			'Calidad', 			'คุณภาพ', 		'FABRIC', 1, 'select', 	0, 'width:270px;', 'mt50 mr10', 1, 1)
	INSERT INTO products_options_values VALUES (1011, 101, 	'-', 				NULL,				'TXT_SPANISH', 		'', 		NULL, 		'true',	 '', 0, 1)
	INSERT INTO products_options_values VALUES (1012, 101, 	'CLASSIC', 			NULL,				'TXT_SPANISH', 		'', 		NULL, 		'false', 'SHOW[102,103]', 		1, 1)
	INSERT INTO products_options_values VALUES (1013, 101, 	'SIGNATURE',		NULL,				'TXT_SPANISH', 		'', 		NULL, 		'false', 'SHOW[102,103]', 		2, 1)
	INSERT INTO products_options_values VALUES (1014, 101, 	'LEGACY', 			NULL,				'TXT_SPANISH', 		'', 		NULL, 		'false', 'SHOW[102,103]', 		3, 1)
	INSERT INTO products_options_values VALUES (1015, 101, 	'PREMIUM',			NULL,				'TXT_SPANISH', 		'', 		NULL, 		'false', 'SHOW[102,103]', 		4, 1)
	INSERT INTO products_options_values VALUES (1016, 101, 	'Other Brand',		'Autre marque', 	'Otra marca', 		'ยี่ห้ออื่น',		NULL, 		'false', 'SHOW[104,102,103]', 	5, 1)
	INSERT INTO products_options_values VALUES (1017, 101, 	'CMT', 				'Confection', 		'TXT_SPANISH', 		'ร้านตัดเสื้อผ้า', 	NULL, 		'false', 'SHOW[104,102,103]', 	6, 1)
INSERT INTO products_options VALUES (102, 1, 101, 1, 1,	'FABRIC REF',    'Fabric #',     	'N° tissu', 		'TXT_SPANISH', 		'เบอร์ผ้า', 		'FABRIC', 	2, 'input', 		1, 'width:180px;', 'mr10', 1, 1)
INSERT INTO products_options VALUES (103, 1, 101, 1, 1,	'FABRIC SIDE',  'Fabric Side',  	'Face', 			'TXT_SPANISH', 		'ด้านของผ้า', 	'FABRIC', 	3, 'select', 	1, 'width:110px;', '', 1, 1)
	INSERT INTO products_options_values VALUES (1031, 103, 	'Front', 			'Avant', 			'TXT_SPANISH', 		'หน้า', 		NULL, 		'true',  '', 						1, 1)
	INSERT INTO products_options_values VALUES (1032, 103, 	'Back', 			'Arrière', 			'TXT_SPANISH', 		'หลัง', 		NULL, 		'false', '', 						2, 1)	
INSERT INTO products_options VALUES (104, 1, 101, 1, 1,	'FABRIC BRAND', 'Fabric Brand', 	'Marque', 				'Marca', 		'ยี่ห้อผ้า', 		'FABRIC', 		3, 'input', 		1, 'width:180px;', 'mr10', 1, 1)

INSERT INTO products_options VALUES (110, 1, 0, 1, 0, 	'FIT', 			'Jacket Fitting', 	'Coupe', 			'TXT_SPANISH', 		'ความพอดี',	'', 2, 'image', 0, '', 'vertical-image', 1, 1)
	INSERT INTO products_options_values VALUES (1101, 110,	'Extra Slim',		'Très ajustée',		'Extra Ajustado',	'เข้ารูปมากๆ',	'extra-slim',	'false', '', 1, 1)
	INSERT INTO products_options_values VALUES (1102, 110,	'Slim',				'Ajustée',			'Ajustado',			'เข้ารูป',	'slim-2',			'false', '', 2, 1)
	INSERT INTO products_options_values VALUES (1103, 110,	'Regular',			'Normale',			'Regular',			'ธรรมดา',	'regular',		'true', '', 3, 1)
	INSERT INTO products_options_values VALUES (1104, 110,	'Loose',			'Large',			'Flojo',			'ใส่สบาย',	'loose',		'false', '', 4, 1)
-- 2
INSERT INTO products_options VALUES (111, 1, 0, 2, 1, 	'SLEEVES', 		'Sleeves', 			'Manches', 			'TXT_SPANISH', 		'TXT_THAI',	'SLEEVES', 1, 'image', 0, '', '', 1, 1)
	INSERT INTO products_options_values VALUES (1111, 111,	'Long',				'Longues',			'',			'',	'long',			'true', 'SHOW[170]', 1, 1)
	INSERT INTO products_options_values VALUES (1112, 111,	'Short',			'Courtes',			'',			'',	'short',		'false', 'HIDE[170]', 2, 1)
	INSERT INTO products_options_values VALUES (1113, 111,	'Roll Up',			'Retroussables',	'',			'',	'roll-up',		'false', 'SHOW[170]', 3, 1)
INSERT INTO products_options VALUES (170, 1, 111, 2, 1, 'SLEEVES LENGTH',  'Sleeves Length',       	'Longueur des manches', 		'TXT_SPANISH',	'TXT_THAI', 	'SLEEVES', 2, 'select', 	0, '', '', 1, 1)
	INSERT INTO products_options_values VALUES (1701, 170, 	'Normal (1 inch longer than Jacket)', 	'Normales (1 inch plus longue que la veste)',	'TXT_SPANISH',	'TXT_THAI', 	NULL, 			'true',	 '', 1, 1)
	INSERT INTO products_options_values VALUES (1702, 170, 	'Short (1 inch shorter than Jacket)', 	'Courtes (1 inch plus courte que la veste)',	'TXT_SPANISH',	'TXT_THAI', 	NULL, 			'false',	 '', 2, 1)
	INSERT INTO products_options_values VALUES (1703, 170, 	'Long (2 inch longer than Jacket)', 	'Longues (2 inch plus longue que la veste)',	'TXT_SPANISH',	'TXT_THAI', 	NULL, 			'false',	 '', 3, 1)
INSERT INTO products_options VALUES (113, 1, 0, 2, 1, 	'SHIRT BOTTOM', 'Bottom', 			'Bas', 				'TXT_SPANISH', 		'TXT_THAI',		'BOTTOM', 3, 'image', 0, '', 'mt20', 1, 1)
	INSERT INTO products_options_values VALUES (1131, 113,	'Straight',			'Droit',			'',					'',	'straight',			'false', 'SHOW[112]', 1, 1)
	INSERT INTO products_options_values VALUES (1132, 113,	'Round',			'Arrondi',			'',					'',	'round',			'true', 'SHOW[112]', 2, 1)
INSERT INTO products_options VALUES (112, 1, 113, 2, 1, 'SHIRT LENGTH',  'Shirt Length',       	'Longueur de la chemise', 		'TXT_SPANISH',		'TXT_THAI', 	'BOTTOM', 4, 'select', 	0, '', '', 1, 1)
	INSERT INTO products_options_values VALUES (1121, 112, 	'Long - Tucked In', 'Longue - Rentrée',				'TXT_SPANISH',	'TXT_THAI', 	NULL, 			'true',	 '', 1, 1)
	INSERT INTO products_options_values VALUES (1122, 112, 	'Short - Untucked (-1.5 inch & Proportional)', 		'Courte - Sortie (-1.5 inch et proportionnelle)',	'TXT_SPANISH',	'TXT_THAI', 	NULL, 			'false',	 '', 2, 1)

-- 3
INSERT INTO products_options VALUES (114, 1, 0, 3, 0, 	'COLLAR TYPE', 	'Collar', 			'Col', 				'TXT_SPANISH', 		'TXT_THAI',		'', 0, 'image', 0, '', 'vertical-image', 1, 1)
	INSERT INTO products_options_values VALUES (1141, 114,	'Spread',			'Classique',		'TXT_SPANISH',			'TXT_THAI',		'spread',		'true', '', 1, 1)
	INSERT INTO products_options_values VALUES (1142, 114,	'Cutaway',			'Italien',			'TXT_SPANISH',			'TXT_THAI',		'cutaway',		'false', '', 2, 1)
	INSERT INTO products_options_values VALUES (1143, 114,	'Straight Point',	'',					'TXT_SPANISH',			'TXT_THAI',		'straight-point',		'false', '', 3, 1)
	INSERT INTO products_options_values VALUES (1144, 114,	'Tab',				'Anglais',			'TXT_SPANISH',			'TXT_THAI',		'tab',		'false', '', 4, 1)
	INSERT INTO products_options_values VALUES (1145, 114,	'Button Down',		'Boutonné', 		'TXT_SPANISH',	'TXT_THAI',			'button-down',		'false', '', 5, 1)
	INSERT INTO products_options_values VALUES (1146, 114,	'Hidden Button Down', 'Boutonné sous patte',		'TXT_SPANISH',	'TXT_THAI',		'hidden-button-down',	'false', '', 6, 1)
	INSERT INTO products_options_values VALUES (1147, 114,	'Band',				'Mao',			'TXT_SPANISH',	'TXT_THAI',		'band',	'false', '', 7, 1)
	INSERT INTO products_options_values VALUES (1148, 114,	'Club',				'Club',			'TXT_SPANISH',	'TXT_THAI',		'club',	'false', '', 8, 1)
	INSERT INTO products_options_values VALUES (1149, 114,	'Pinned',			'Epinglé',				'TXT_SPANISH',	'TXT_THAI',		'pinned',	'false', '', 9, 1)
	INSERT INTO products_options_values VALUES (11410, 114,	'Wingtip',			'Cassé',		'TXT_SPANISH',	'TXT_THAI',		'wingtip',	'false', '', 10, 1)
-- 4
INSERT INTO products_options VALUES (115, 1, 0, 4, 1, 'COLLAR HEIGHT', 	'Height', 			'Hauteur', 				'TXT_SPANISH', 		'TXT_THAI',	'', 1, 'select', 0, '', '', 1, 1)
	INSERT INTO products_options_values VALUES (1151, 115,	'Short',			'Court',			'TXT_SPANISH',					'TXT_THAI',	'',			'false', '', 1, 1)
	INSERT INTO products_options_values VALUES (1152, 115,	'Standard',			'Standard',			'TXT_SPANISH',					'TXT_THAI',	'',			'true', '', 2, 1)
	INSERT INTO products_options_values VALUES (1153, 115,	'Tall',				'Haut',			'TXT_SPANISH',					'TXT_THAI',	'',			'false', '', 3, 1)
INSERT INTO products_options VALUES (116, 1, 0, 4, 1, 'DOUBLE COLLAR', 	'Double', 			'Double', 				'TXT_SPANISH', 		'TXT_THAI',	'', 2, 'select', 0, '', '', 1, 1)
	INSERT INTO products_options_values VALUES (1161, 116,	'Yes',				'Oui',			'TXT_SPANISH',					'TXT_THAI',	'',			'false', '', 1, 1)
	INSERT INTO products_options_values VALUES (1162, 116,	'No',				'Non',				'No',					'TXT_THAI',	'',			'true', '', 2, 1)
INSERT INTO products_options VALUES (117, 1, 0, 4, 1, 'COLLAR BUTTONS', 	'Buttons', 			'Boutons', 				'TXT_SPANISH', 		'TXT_THAI',	'', 3, 'select', 0, '', '', 1, 1)
	INSERT INTO products_options_values VALUES (1171, 117,	'1',				'1',				'1',					'1',	'',			'true', '', 1, 1)
	INSERT INTO products_options_values VALUES (1172, 117,	'2',				'2',				'2',					'2',	'',			'false', '', 2, 1)
	INSERT INTO products_options_values VALUES (1173, 117,	'3',				'3',				'3',					'3',	'',			'false', '', 3, 1)
INSERT INTO products_options VALUES (118, 1, 0, 4, 1, 'COLLAR STAYS', 	'Stays', 			'Baleines', 				'TXT_SPANISH', 		'TXT_THAI',	'', 4, 'select', 0, '', '', 1, 1)
	INSERT INTO products_options_values VALUES (1181, 118,	'Sewn-In',			'Intégrées',			'TXT_SPANISH',					'TXT_THAI',	'',			'true', '', 1, 1)
	INSERT INTO products_options_values VALUES (1182, 118,	'Removable',		'Amovibles',			'TXT_SPANISH',					'TXT_THAI',	'',			'false', '', 2, 1)
	INSERT INTO products_options_values VALUES (1183, 118,	'No',				'Non',				'No',					'TXT_THAI',	'',			'false', '', 3, 1)
-- 5
INSERT INTO products_options VALUES (119, 1, 0, 5, 0, 	'CUFFS TYPE', 		'Cuffs', 			'Poignets', 			'TXT_SPANISH', 		'TXT_THAI',		'', 1, 'image', 0, '', '', 1, 1)
	INSERT INTO products_options_values VALUES (1191, 119,	'Square 1',			'Carrés 1',				'TXT_SPANISH',			'TXT_THAI',		'square-1',		'true', '', 1, 1)
	INSERT INTO products_options_values VALUES (1192, 119,	'Square 2',			'Carrés 2',				'TXT_SPANISH',			'TXT_THAI',		'square-2',		'false', '', 2, 1)
	INSERT INTO products_options_values VALUES (1193, 119,	'Cut 1',			'Cassés 1',				'TXT_SPANISH',			'TXT_THAI',		'cut-1',		'false', '', 3, 1)
	INSERT INTO products_options_values VALUES (1194, 119,	'Cut 2',			'Cassés 2',				'TXT_SPANISH',			'TXT_THAI',		'cut-2',		'false', '', 4, 1)
	INSERT INTO products_options_values VALUES (1195, 119,	'Round 1',			'Ronds 1', 				'TXT_SPANISH',	'TXT_THAI',			'round-1',		'false', '', 5, 1)
	INSERT INTO products_options_values VALUES (1196, 119,	'Round 2', 			'Ronds 2',				'TXT_SPANISH',	'TXT_THAI',		'round-2',	'false', '', 6, 1)
	INSERT INTO products_options_values VALUES (1197, 119,	'French Square',	'Mousquetaire carrés',		'TXT_SPANISH',	'TXT_THAI',		'french-square',	'false', '', 7, 1)
	INSERT INTO products_options_values VALUES (1198, 119,	'French Cut',		'Mousquetaire cassés',		'TXT_SPANISH',	'TXT_THAI',		'french-cut',	'false', '', 8, 1)
	INSERT INTO products_options_values VALUES (1199, 119,	'French Round',		'Mousquetaire ronds',		'TXT_SPANISH',	'TXT_THAI',		'french-round',	'false', '', 9, 1)
	INSERT INTO products_options_values VALUES (11910, 119,	'Neapolitan',		'Napolitains',			'TXT_SPANISH',	'TXT_THAI',		'neapolitan',	'false', '', 10, 1)
INSERT INTO products_options VALUES (120, 1, 0, 5, 1, 'CONVERTIBLE CUFFS', 	'Convertible', 	'Convertible', 			'TXT_SPANISH', 		'TXT_THAI',	'', 2, 'select', 0, '', '', 1, 1)
	INSERT INTO products_options_values VALUES (1201, 120,	'Yes',				'Oui',					'TXT_SPANISH',					'TXT_THAI',	'',			'true', '', 1, 1)
	INSERT INTO products_options_values VALUES (1202, 120,	'No',				'Non',					'No',					'TXT_THAI',	'',			'false', '', 2, 1)
-- 6
INSERT INTO products_options VALUES (121, 1, 0, 6, 0, 	'PLACKET TYPE', 		'Placket', 			'', 		'TXT_SPANISH', 		'TXT_THAI',		'', 0, 'image', 0, '', 'vertical-image', 1, 1)
	INSERT INTO products_options_values VALUES (1211, 121,	'French',			'Français',				'TXT_SPANISH',			'TXT_THAI',		'french',		'false', '', 1, 1)
	INSERT INTO products_options_values VALUES (1212, 121,	'Standard',			'Standard',				'TXT_SPANISH',			'TXT_THAI',		'standard',		'true', '', 2, 1)
	INSERT INTO products_options_values VALUES (1213, 121,	'Fly Front',		'Invisible',				'TXT_SPANISH',			'TXT_THAI',		'fly-front',		'false', '', 3, 1)
	INSERT INTO products_options_values VALUES (1214, 121,	'Simple Plastron',	'Plastron simple',				'TXT_SPANISH',			'TXT_THAI',		'simple-plastron',		'false', '', 4, 1)
	INSERT INTO products_options_values VALUES (1215, 121,	'Plastron Plissé',	'Plastron plissé', 		'TXT_SPANISH',	'TXT_THAI',			'plastron-plisse',		'false', '', 5, 1)
-- 7
INSERT INTO products_options VALUES (122, 1, 0, 7, 1, 	'YOKE TYPE', 		'Yoke', 			'Empiècement', 		'TXT_SPANISH', 		'TXT_THAI',		'', 0, 'image', 0, '', '', 1, 1)
	INSERT INTO products_options_values VALUES (1221, 122,	'Standard',			'Standard',			'TXT_SPANISH',			'TXT_THAI',		'standard',		'true', '', 1, 1)
	INSERT INTO products_options_values VALUES (1222, 122,	'Split',			'',				'TXT_SPANISH',			'TXT_THAI',		'split',		'false', '', 2, 1)
	INSERT INTO products_options_values VALUES (1223, 122,	'Western',			'',				'TXT_SPANISH',			'TXT_THAI',		'western',		'false', '', 3, 1)
INSERT INTO products_options VALUES (123, 1, 0, 7, 1, 	'PLEATS TYPE', 		'Pleats', 			'Plis d\aisance', 			'TXT_SPANISH', 		'TXT_THAI',		'', 0, 'image', 0, '', '', 1, 1)
	INSERT INTO products_options_values VALUES (1231, 123,	'Box',				'Central',				'TXT_SPANISH',			'TXT_THAI',		'box',		'false', '', 1, 1)
	INSERT INTO products_options_values VALUES (1232, 123,	'Side',				'Coté',				'TXT_SPANISH',			'TXT_THAI',		'side',		'false', '', 2, 1)
	INSERT INTO products_options_values VALUES (1233, 123,	'No',				'Non',				'No',			'TXT_THAI',		'no',		'true', '', 3, 1)
INSERT INTO products_options VALUES (124, 1, 0, 7, 1, 	'DARTS', 		'Darts', 			'Pinces', 				'TXT_SPANISH', 		'TXT_THAI',	'', 1, 'select', 0, '', '', 1, 1)
	INSERT INTO products_options_values VALUES (1241, 124,	'Yes',				'Oui',				'TXT_SPANISH',					'TXT_THAI',	'',			'false', '', 1, 1)
	INSERT INTO products_options_values VALUES (1242, 124,	'No',				'Non',				'TXT_SPANISH',					'TXT_THAI',	'',			'true', '', 2, 1)
-- 8
INSERT INTO products_options VALUES (125, 1, 0, 8, 1, 'POCKETS POSITION', 'Position', 		'Position', 				'TXT_SPANISH', 		'TXT_THAI',	'', 1, 'select', 0, '', 'mr10', 1, 1)
	INSERT INTO products_options_values VALUES (1251, 125,	'1 (Left Side)',	'1 (à gauche)',			'TXT_SPANISH',					'TXT_THAI',	'',			'false', 'SHOW[127,126]', 1, 1)
	INSERT INTO products_options_values VALUES (1252, 125,	'Both Sides',		'2 cotés',			'TXT_SPANISH',					'TXT_THAI',	'',			'false', 'SHOW[127,126]', 2, 1)
	INSERT INTO products_options_values VALUES (1253, 125,	'No',				'Non',				'No',					'TXT_THAI',	'',			'true', 'HIDE[127,126]', 3, 1)
INSERT INTO products_options VALUES (127, 1, 125, 8, 1, 'PEN POCKET', 	'Pen Pocket',	 	'Poche stylo', 	'TXT_SPANISH', 		'TXT_THAI',	'', 3, 'select', 1, '', '', 1, 1)
	INSERT INTO products_options_values VALUES (1271, 127,	'Yes',				'Oui',			'TXT_SPANISH',					'TXT_THAI',	'',			'false', '', 1, 1)
	INSERT INTO products_options_values VALUES (1272, 127,	'No',				'Non',			'No',					'TXT_THAI',	'',			'true', '', 2, 1)
INSERT INTO products_options VALUES (126, 1, 125, 8, 1, 'POCKETS TYPE', 'Style', 			'Style', 		'TXT_SPANISH', 		'TXT_THAI',		'', 2, 'image', 1, '', 'mt20', 1, 1)
	INSERT INTO products_options_values VALUES (1261, 126,	'Square',			'Carrée',				'TXT_SPANISH',			'TXT_THAI',		'square',		'true', '', 1, 1)
	INSERT INTO products_options_values VALUES (1262, 126,	'Cut',				'Cassée',				'TXT_SPANISH',			'TXT_THAI',		'cut',		'false', '', 2, 1)
	INSERT INTO products_options_values VALUES (1263, 126,	'Round',			'Ronde',				'TXT_SPANISH',			'TXT_THAI',		'round',		'false', '', 3, 1)
	INSERT INTO products_options_values VALUES (1264, 126,	'Diamond',			'Diamand',				'TXT_SPANISH',			'TXT_THAI',		'diamond',		'false', '', 4, 1)
	INSERT INTO products_options_values VALUES (1265, 126,	'Cut Flap',			'Cassée à rabat',				'TXT_SPANISH',			'TXT_THAI',		'cut-flap',		'false', '', 5, 1)
	INSERT INTO products_options_values VALUES (1266, 126,	'Round Flap',		'Ronde à rabat',				'TXT_SPANISH',			'TXT_THAI',		'round-flap',		'false', '', 6, 1)
	INSERT INTO products_options_values VALUES (1267, 126,	'Diamond Flap',		'Diamand à rabat',				'TXT_SPANISH',			'TXT_THAI',		'diamond-flap',		'false', '', 7, 1)
-- 9
INSERT INTO products_options VALUES (128, 1, 0, 9, 1, 'BUTTONS TYPE', 		'Buttons', 			'Boutons', 			'TXT_SPANISH', 'กระดุม', 			'BUTTONS', 1, 'select', 0, 'width:200px;', 'mr10', 1, 1)
	INSERT INTO products_options_values VALUES (1281, 128, 	'Standard',			'Standard', 		'Clásico', 		'ธรรมดา', 			NULL, 		'true',  'SHOW[129,130]', 			1, 1)
	INSERT INTO products_options_values VALUES (1282, 128, 	'Mother of pearl',	'Nacre', 			'Madreperla', 	'มุก', 				NULL, 		'false',  'SHOW[129,130]', 		2, 1)
INSERT INTO products_options VALUES (129, 1, 128, 9, 1,	'BUTTONS REF',	'Reference #',   	'Référence', 		'TXT_SPANISH',	'แบบกระดุม', 		'BUTTONS', 2, 'input', 		0, 'width:200px;', 'mr10', 0, 1)
INSERT INTO products_options VALUES (130, 1, 128, 9, 1,	'BUTTON HOLES COLOR', 'Button Holes', 	'Boutonnières', 	'TXT_SPANISH',  'TXT_THAI', 	'BUTTONS', 3, 'select', 	0, 'width:250px;', 'mr10', 1, 1)
	INSERT INTO products_options_values VALUES (1300, 130, 	'Tone on Tone',		'Ton sur ton',		'Tono sobre Tono',	'สีเดียวกัน',		NULL,		'true',  '',	1,	1)
	INSERT INTO products_options_values VALUES (1301, 130, 	'Black',			'Noir', 			'Negro',  		'ดำ', 				NULL, 		'false',  '', 						1, 1)
	INSERT INTO products_options_values VALUES (1302, 130, 	'Beige',			'Beige', 			'Beige',  		'กากี', 			NULL, 		'false',  '', 						1, 1)
	INSERT INTO products_options_values VALUES (1303, 130, 	'Blue',				'Bleu',				'Azul',  		'น้ำเงิน', 			NULL, 		'false',  '', 						1, 1)
	INSERT INTO products_options_values VALUES (1304, 130, 	'Green',			'Vert', 			'Verde',  		'เขียว', 			NULL, 		'false',  '', 						1, 1)
	INSERT INTO products_options_values VALUES (1305, 130, 	'Grey',				'Gris', 			'Gris',  		'เทา', 				NULL, 		'false',  '', 						1, 1)
	INSERT INTO products_options_values VALUES (1306, 130, 	'Orange',			'Orange', 			'Naranja',  	'ส้ม', 				NULL, 		'false',  '', 						1, 1)
	INSERT INTO products_options_values VALUES (1307, 130, 	'Pink',				'Rose', 			'Rosa',  		'ชมพู', 			NULL, 		'false',  '', 						1, 1)
	INSERT INTO products_options_values VALUES (1308, 130, 	'Purple',			'Violet', 			'Morado',  		'ม่วง', 				NULL, 		'false',  '', 						1, 1)
	INSERT INTO products_options_values VALUES (1309, 130, 	'Red',				'Rouge', 			'Rojo',  		'แดง',				NULL, 		'false',  '', 						1, 1)
	INSERT INTO products_options_values VALUES (13010, 130, 	'White',			'Blanc', 			'Blanco',  		'ขาว',  			NULL, 		'false',  '', 						1, 1)
INSERT INTO products_options VALUES (131, 1, 0, 9, 1, 'GUSSET TYPE', 			'Gusset', 			'Hirondelle', 		'TXT_SPANISH', 		'TXT_THAI',		'', 4, 'image', 0, '', 'mt10', 1, 1)
	INSERT INTO products_options_values VALUES (1311, 131,	'Standard',			'Standard',			'TXT_SPANISH',			'TXT_THAI',		'standard',		'true', '', 1, 1)
	INSERT INTO products_options_values VALUES (1312, 131,	'Straight',			'Droite',				'TXT_SPANISH',			'TXT_THAI',		'straight',		'false', '', 2, 1)
	INSERT INTO products_options_values VALUES (1313, 131,	'Vent',				'Fente',				'TXT_SPANISH',			'TXT_THAI',		'vent',			'false', '', 3, 1)
	INSERT INTO products_options_values VALUES (1314, 131,	'Triangle',			'Triangle',		'TXT_SPANISH',			'TXT_THAI',		'triangle',		'false', '', 4, 1)
	INSERT INTO products_options_values VALUES (1315, 131,	'Pentagon',			'Pentagone',				'TXT_SPANISH',			'TXT_THAI',		'pentagon',		'false', '', 5, 1)
INSERT INTO products_options VALUES (132, 1, 0, 9, 1, 'ELBOW PATCHES',	'Elbow Patches', 	'Patchs aux coudes', 'TXT_SPANISH', 'ผ้ารองศอก', 	'', 5, 'select', 0, '', 'mr10', 1, 1)
	INSERT INTO products_options_values VALUES (1321, 132,	'No',				'Non',				'No',			'ไม่มี',		'',		'true', 'HIDE[133]', 1, 1)
	INSERT INTO products_options_values VALUES (1322, 132,	'Yes',				'Oui',				'Sí',			'มี',		'',		'false', 'SHOW[133]', 2, 1)
INSERT INTO products_options VALUES (133, 1, 132, 9, 1, 'ELBOW PATCHES COLOR', 'Color', 		'Couleur', 			'Color', 		'สี', 	'', 6, 'select', 		1, '', '', 1, 1)
	INSERT INTO products_options_values VALUES (1330, 133, 	'Tone on Tone',		'Ton sur ton',		'Tono sobre Tono',		'สีเดียวกัน', 	NULL,	'true',  '',	1,	1)
	INSERT INTO products_options_values VALUES (1331, 133, 	'Black',			'Noir', 			'Negro', 		'ดำ', 		NULL, 'false',  '', 						1, 1)
	INSERT INTO products_options_values VALUES (1332, 133, 	'Beige',			'Beige', 			'Beige', 		'กากี', 	NULL, 'false',  '', 						1, 1)
	INSERT INTO products_options_values VALUES (1333, 133, 	'Blue',				'Bleu',				'Azul', 		'น้ำเงิน', 	NULL, 'false',  '', 						1, 1)
	INSERT INTO products_options_values VALUES (1334, 133, 	'Green',			'Vert', 			'Verde', 		'เขียว', 	NULL, 'false',  '', 						1, 1)
	INSERT INTO products_options_values VALUES (1335, 133, 	'Grey',				'Gris', 			'Gris', 		'เทา', 		NULL, 'false',  '', 						1, 1)
	INSERT INTO products_options_values VALUES (1336, 133, 	'Orange',			'Orange', 			'Naranja', 		'ส้ม', 		NULL, 'false',  '', 						1, 1)
	INSERT INTO products_options_values VALUES (1337, 133, 	'Pink',				'Rose', 			'Rosa', 		'ชมพู', 	NULL, 'false',  '', 						1, 1)
	INSERT INTO products_options_values VALUES (1338, 133, 	'Purple',			'Violet', 			'Morado', 		'ม่วง', 		NULL, 'false',  '', 						1, 1)
	INSERT INTO products_options_values VALUES (1339, 133, 	'Red',				'Rouge', 			'Rojo', 		'แดง',		NULL, 'false',  '', 						1, 1)
	INSERT INTO products_options_values VALUES (13310, 133, 'White',			'Blanc', 			'Blanco', 		'ขาว',  	NULL, 'false',  '', 						1, 1)
INSERT INTO products_options VALUES (134, 1, 0, 9, 1, 	'EPAULETS', 	'Epaulets', 		'Epaulettes', 		'TXT_SPANISH', 	'TXT_THAI',	'', 7, 'select', 0, '', 'mt10', 1, 1)
	INSERT INTO products_options_values VALUES (1341, 134,	'No',				'Non',				'No',			'TXT_THAI',	'',			'true', '', 1, 1)
	INSERT INTO products_options_values VALUES (1342, 134,	'Yes',				'Oui',				'Sí',			'TXT_THAI',	'',			'false', '', 2, 1)

-- 10
INSERT INTO products_options VALUES (135, 1, 0, 10, 0, 'COLLAR LINING', 	'Collar', 			'Col', 				'TXT_SPANISH', 					'TXT_THAI',	'', 1, 'image', 0, '', '', 1, 1)
	INSERT INTO products_options_values VALUES (1351, 135,	'Inside',			'Intérieur',		'TXT_SPANISH',					'TXT_THAI',	'inside',			'false', 'SHOW[136]', 1, 1)
	INSERT INTO products_options_values VALUES (1352, 135,	'Outside',			'Extérieur',		'TXT_SPANISH',					'TXT_THAI',	'outside',			'false', 'SHOW[136]', 2, 1)
	INSERT INTO products_options_values VALUES (1353, 135,	'Both',				'Les deux',			'TXT_SPANISH',					'TXT_THAI',	'both',			'false', 'SHOW[136]', 3, 1)
	INSERT INTO products_options_values VALUES (1354, 135,	'No',				'Non',				'TXT_SPANISH',					'TXT_THAI',	'no',			'true', 'HIDE[136]', 4, 1)
INSERT INTO products_options VALUES (136, 1, 0, 10, 1,	'COLLAR LINING QUALITY',  'Lining',       	'Doublure', 			'TXT_SPANISH', 	'ซับใน', 		'LINING', 4, 'select', 	1, 'width:270px;', 'mr10 mt10', 1, 1)
	INSERT INTO products_options_values VALUES (1361, 136,	'-', 				NULL, 					'TXT_SPANISH', 	'', 		NULL, 'true',  '', 						0, 1)
	INSERT INTO products_options_values VALUES (1362, 136, 	'CLASSIC', 			NULL, 					'TXT_SPANISH', 	'', 		NULL, 'false', 'SHOW[137,138]', 			1, 1)
	INSERT INTO products_options_values VALUES (1363, 136, 	'LEGACY', 			NULL, 					'TXT_SPANISH', 	'', 		NULL, 'false', 'SHOW[137,138]', 		2, 1)
	INSERT INTO products_options_values VALUES (1364, 136, 	'PREMIUM', 			NULL, 					'TXT_SPANISH', 	'', 		NULL, 'false', 'SHOW[137,138]', 		3, 1)
	INSERT INTO products_options_values VALUES (1365, 136, 	'Other brand', 		'Autre marque',			'Otra marca', 	'ยี่ห้ออื่น',	 	NULL, 'false', 'SHOW[140,137,138]', 	5, 1)
	INSERT INTO products_options_values VALUES (1366, 136, 	'CMT', 				'Confection', 			'TXT_SPANISH', 	'ร้านตัดเสื้อผ้า', 	NULL, 'false', 'SHOW[140,137,138]', 	6, 1)
INSERT INTO products_options VALUES (137, 1, 136, 10, 1,	'COLLAR LINING REF',    'Lining #',     	'N° doublure', 			'TXT_SPANISH', 	'เบอร์ซับใน', 		'LINING', 5, 'input', 		1, 'width:180px;', 'mr10', 1, 1)
INSERT INTO products_options VALUES (138, 1, 136, 10, 1,	'COLLAR LINING SIDE',  'Lining Side',  	'Face', 				'TXT_SPANISH', 	'ด้านซับใน', 		'LINING', 6, 'select', 	1, 'width:130px;', '', 1, 1)
	INSERT INTO products_options_values VALUES (1381, 138, 	'Front', 			'Avant', 				'TXT_SPANISH', 	'หน้า',	 		NULL, 'true',  '', 						1, 1)
	INSERT INTO products_options_values VALUES (1382, 138, 	'Back', 			'Arrière', 				'TXT_SPANISH', 	'หลัง', 		NULL, 'false', '', 						2, 1)
INSERT INTO products_options VALUES (140, 1, 136, 10, 1,	'COLLAR LINING BRAND', 'Lining Brand', 	'Marque', 				'Marca', 		'ยี่ห้อ', 			'LINING', 8, 'input', 		1, 'width:180px;', 'mr10', 1, 1)

-- 11
INSERT INTO products_options VALUES (141, 1, 0, 11, 1, 'CUFFS LINING', 	'Cuffs', 			'Poignets', 			'TXT_SPANISH', 			'TXT_THAI',	'', 1, 'image', 0, '', '', 1, 1)
	INSERT INTO products_options_values VALUES (1411, 141,	'Inside',			'Intérieur',			'TXT_SPANISH',			'TXT_THAI',	'inside',			'false', 'SHOW[142]', 1, 1)
	INSERT INTO products_options_values VALUES (1412, 141,	'Outside',			'Extérieur',			'TXT_SPANISH',			'TXT_THAI',	'outside',			'false', 'SHOW[142]', 2, 1)
	INSERT INTO products_options_values VALUES (1413, 141,	'Both',				'Les deux',				'TXT_SPANISH',			'TXT_THAI',	'both',			'false', 'SHOW[142]', 3, 1)
	INSERT INTO products_options_values VALUES (1414, 141,	'No',				'Non',					'TXT_SPANISH',			'TXT_THAI',	'no',			'true', 'HIDE[142]', 4, 1)
INSERT INTO products_options VALUES (142, 1, 0, 11, 1,	'CUFFS LINING QUALITY',  'Lining',       	'Doublure', 			'TXT_SPANISH', 	'ซับใน', 		'LINING', 4, 'select', 	1, 'width:270px;', 'mr10', 1, 1)
	INSERT INTO products_options_values VALUES (1421, 142,	'-', 				NULL, 					'TXT_SPANISH', 	'', 		NULL, 'true',  '', 						0, 1)
	INSERT INTO products_options_values VALUES (1422, 142, 	'CLASSIC', 			NULL, 					'TXT_SPANISH', 	'', 		NULL, 'false', 'SHOW[143,144]', 			1, 1)
	INSERT INTO products_options_values VALUES (1423, 142, 	'LEGACY', 			NULL, 					'TXT_SPANISH', 	'', 		NULL, 'false', 'SHOW[143,144]', 		2, 1)
	INSERT INTO products_options_values VALUES (1424, 142, 	'PREMIUM', 			NULL, 					'TXT_SPANISH', 	'', 		NULL, 'false', 'SHOW[143,144]', 		3, 1)
	INSERT INTO products_options_values VALUES (1425, 142, 	'Other brand', 		'Autre marque',			'Otra marca', 	'ยี่ห้ออื่น',	 	NULL, 'false', 'SHOW[146,143,144]', 	5, 1)
	INSERT INTO products_options_values VALUES (1426, 142, 	'CMT', 				'Confection', 			'TXT_SPANISH', 	'ร้านตัดเสื้อผ้า', 	NULL, 'false', 'SHOW[146,143,144]', 	6, 1)
INSERT INTO products_options VALUES (143, 1, 142, 11, 1,	'CUFFS LINING REF',    'Lining #',     	'N° doublure', 			'TXT_SPANISH', 	'เบอร์ซับใน', 		'LINING', 5, 'input', 		1, 'width:180px;', 'mr10', 1, 1)
INSERT INTO products_options VALUES (144, 1, 142, 11, 1,	'CUFFS LINING SIDE',  'Lining Side',  	'Face', 				'TXT_SPANISH', 	'ด้านซับใน', 		'LINING', 6, 'select', 	1, 'width:130px;', '', 1, 1)
	INSERT INTO products_options_values VALUES (1441, 144, 	'Front', 			'Avant', 				'TXT_SPANISH', 	'หน้า',	 		NULL, 'true',  '', 						1, 1)
	INSERT INTO products_options_values VALUES (1442, 144, 	'Back', 			'Arrière', 				'TXT_SPANISH', 	'หลัง', 		NULL, 'false', '', 						2, 1)
INSERT INTO products_options VALUES (146, 1, 142, 11, 1,	'CUFFS LINING BRAND', 'Lining Brand', 	'Marque', 				'Marca', 		'ยี่ห้อ', 			'LINING', 8, 'input', 		1, 'width:180px;', 'mr10', 1, 1)

-- 12
INSERT INTO products_options VALUES (147, 1, 0, 12, 1, 'PLACKET LINING', 'Placket', 			'Patte de boutonnage', 			'TXT_SPANISH', 		'TXT_THAI',	'', 1, 'select', 0, '', '', 1, 1)
	INSERT INTO products_options_values VALUES (1471, 147,	'Inside',			'Intérieure',			'TXT_SPANISH',					'TXT_THAI',	'',			'false', 'SHOW[148]', 1, 1)
	INSERT INTO products_options_values VALUES (1472, 147,	'Outside',			'Extérieure',			'TXT_SPANISH',					'TXT_THAI',	'',			'false', 'SHOW[148]', 2, 1)
	INSERT INTO products_options_values VALUES (1473, 147,	'Both',				'Les deux',			'TXT_SPANISH',					'TXT_THAI',	'',			'false', 'SHOW[148]', 3, 1)
	INSERT INTO products_options_values VALUES (1474, 147,	'No',				'Non',			'TXT_SPANISH',					'TXT_THAI',	'',			'true', 'HIDE[148]', 4, 1)
INSERT INTO products_options VALUES (148, 1, 0, 12, 1,	'PLACKET LINING QUALITY',  'Lining',       	'Doublure', 			'TXT_SPANISH', 	'ซับใน', 		'LINING', 4, 'select', 	1, 'width:270px;', 'mr10', 1, 1)
	INSERT INTO products_options_values VALUES (1481, 148,	'-', 				NULL, 					'TXT_SPANISH', 	'', 		NULL, 'true',  '', 						0, 1)
	INSERT INTO products_options_values VALUES (1482, 148, 	'CLASSIC', 			NULL, 					'TXT_SPANISH', 	'', 		NULL, 'false', 'SHOW[149,150]', 			1, 1)
	INSERT INTO products_options_values VALUES (1483, 148, 	'LEGACY', 			NULL, 					'TXT_SPANISH', 	'', 		NULL, 'false', 'SHOW[149,150]', 		2, 1)
	INSERT INTO products_options_values VALUES (1484, 148, 	'PREMIUM', 			NULL, 					'TXT_SPANISH', 	'', 		NULL, 'false', 'SHOW[149,150]', 		3, 1)
	INSERT INTO products_options_values VALUES (1485, 148, 	'Other brand', 		'Autre marque',			'Otra marca', 	'ยี่ห้ออื่น',	 	NULL, 'false', 'SHOW[152,149,150]', 	5, 1)
	INSERT INTO products_options_values VALUES (1486, 148, 	'CMT', 				'Confection', 			'TXT_SPANISH', 	'ร้านตัดเสื้อผ้า', 	NULL, 'false', 'SHOW[152,149,150]', 	6, 1)
INSERT INTO products_options VALUES (149, 1, 148, 12, 1,	'PLACKET LINING REF',    'Lining #',     	'N° doublure', 			'TXT_SPANISH', 	'เบอร์ซับใน', 		'LINING', 5, 'input', 		1, 'width:180px;', 'mr10', 1, 1)
INSERT INTO products_options VALUES (150, 1, 148, 12, 1,	'PLACKET LINING SIDE',  'Lining Side',  	'Face', 				'TXT_SPANISH', 	'ด้านซับใน', 		'LINING', 6, 'select', 	1, 'width:130px;', '', 1, 1)
	INSERT INTO products_options_values VALUES (1501, 150, 	'Front', 			'Avant', 				'TXT_SPANISH', 	'หน้า',	 		NULL, 'true',  '', 						1, 1)
	INSERT INTO products_options_values VALUES (1502, 150, 	'Back', 			'Arrière', 				'TXT_SPANISH', 	'หลัง', 		NULL, 'false', '', 						2, 1)
INSERT INTO products_options VALUES (152, 1, 148, 12, 1,	'PLACKET LINING BRAND', 'Lining Brand', 	'Marque', 				'Marca', 		'ยี่ห้อ', 			'LINING', 8, 'input', 		1, 'width:180px;', 'mr10', 1, 1)

-- 13
INSERT INTO products_options VALUES (160, 1, 0, 13, 0, 'PICK STITCHING', 'Pick Stitching', 	'', 					'TXT_SPANISH', 		'TXT_THAI',		'', 1, 'image', 0, '', '', 1, 1)
	INSERT INTO products_options_values VALUES (1601, 160,	'Collar',			'Col',					'TXT_SPANISH',		'TXT_THAI',		'collar',		'false', 'SHOW[161]', 1, 1)
	INSERT INTO products_options_values VALUES (1602, 160,	'Cuffs',			'Poignets',				'TXT_SPANISH',		'TXT_THAI',		'cuffs',		'false', 'SHOW[161]', 2, 1)
	INSERT INTO products_options_values VALUES (1603, 160,	'Collar & Cuffs',	'Col et poignets',		'TXT_SPANISH',		'TXT_THAI',		'all',			'false', 'SHOW[161]', 3, 1)
	INSERT INTO products_options_values VALUES (1604, 160,	'No',				'Non',					'No',				'TXT_THAI',		'no',			'true', 'HIDE[161]', 4, 1)
INSERT INTO products_options VALUES (161, 1, 0, 13, 1,	'PICK STITCHING COLOR', 'Color', 	'Couleur', 			'TXT_SPANISH',  		'TXT_THAI', 	'', 2, 'select', 	1, 'width:250px;', 'mr10', 1, 1)
	INSERT INTO products_options_values VALUES (1610, 161, 	'Tone on Tone',		'Ton sur ton',		'Tono sobre Tono',	'สีเดียวกัน',		NULL,		'true',  '',	1,	1)
	INSERT INTO products_options_values VALUES (1611, 161, 	'Black',			'Noir', 			'Negro',  		'ดำ', 				NULL, 		'false',  '', 						1, 1)
	INSERT INTO products_options_values VALUES (1612, 161, 	'Beige',			'Beige', 			'Beige',  		'กากี', 			NULL, 		'false',  '', 						1, 1)
	INSERT INTO products_options_values VALUES (1613, 161, 	'Blue',				'Bleu',				'Azul',  		'น้ำเงิน', 			NULL, 		'false',  '', 						1, 1)
	INSERT INTO products_options_values VALUES (1614, 161, 	'Green',			'Vert', 			'Verde',  		'เขียว', 			NULL, 		'false',  '', 						1, 1)
	INSERT INTO products_options_values VALUES (1615, 161, 	'Grey',				'Gris', 			'Gris',  		'เทา', 			NULL, 		'false',  '', 						1, 1)
	INSERT INTO products_options_values VALUES (1616, 161, 	'Orange',			'Orange', 			'Naranja',  	'ส้ม', 				NULL, 		'false',  '', 						1, 1)
	INSERT INTO products_options_values VALUES (1617, 161, 	'Pink',				'Rose', 			'Rosa',  		'ชมพู', 			NULL, 		'false',  '', 						1, 1)
	INSERT INTO products_options_values VALUES (1618, 161, 	'Purple',			'Violet', 			'Morado',  		'ม่วง', 			NULL, 		'false',  '', 						1, 1)
	INSERT INTO products_options_values VALUES (1619, 161, 	'Red',				'Rouge', 			'Rojo',  		'แดง',			NULL, 		'false',  '', 						1, 1)
	INSERT INTO products_options_values VALUES (16110, 161, 	'White',			'Blanc', 			'Blanco',  		'ขาว',  			NULL, 		'false',  '', 						1, 1)

-- 14
INSERT INTO products_options VALUES (163, 1, 0, 14, 0, 'PIPING', 		'Piping', 			'', 				'TXT_SPANISH', 			'TXT_THAI',		'', 1, 'image', 0, '', '', 1, 1)
	INSERT INTO products_options_values VALUES (1631, 163,	'Collar',			'Col',				'TXT_SPANISH',			'TXT_THAI',		'collar',		'false', 'SHOW[164]', 1, 1)
	INSERT INTO products_options_values VALUES (1632, 163,	'Cuffs',			'Poignets',			'TXT_SPANISH',			'TXT_THAI',		'cuffs',		'false', 'SHOW[164]', 2, 1)
	INSERT INTO products_options_values VALUES (1633, 163,	'Placket',			'Patte de boutonnage',	'TXT_SPANISH',		'TXT_THAI',		'placket',		'false', 'SHOW[164]', 3, 1)
	INSERT INTO products_options_values VALUES (1634, 163,	'Collar & Cuffs',	'Col et poignets',	'TXT_SPANISH',			'TXT_THAI',		'collar-cuffs',	'false', 'SHOW[164]', 4, 1)
	INSERT INTO products_options_values VALUES (1635, 163,	'All',				'Tous',				'TXT_SPANISH',			'TXT_THAI',		'all',			'false', 'SHOW[164]', 5, 1)
	INSERT INTO products_options_values VALUES (1636, 163,	'No',				'Non',				'No',					'TXT_THAI',		'no',			'true', 'HIDE[164]', 6, 1)
INSERT INTO products_options VALUES (164, 1, 0, 14, 1,	'PIPING COLOR', 'Color', 	'Couleur', 			'TXT_SPANISH',  		'TXT_THAI', 	'', 2, 'select', 	1, 'width:250px;', 'mr10', 1, 1)
	INSERT INTO products_options_values VALUES (1640, 164, 	'Tone on Tone',		'Ton sur ton',		'Tono sobre Tono',	'สีเดียวกัน',		NULL,		'true',  '',	1,	1)
	INSERT INTO products_options_values VALUES (1641, 164, 	'Black',			'Noir', 			'Negro',  		'ดำ', 				NULL, 		'false',  '', 						1, 1)
	INSERT INTO products_options_values VALUES (1642, 164, 	'Beige',			'Beige', 			'Beige',  		'กากี', 			NULL, 		'false',  '', 						1, 1)
	INSERT INTO products_options_values VALUES (1643, 164, 	'Blue',				'Bleu',				'Azul',  		'น้ำเงิน', 			NULL, 		'false',  '', 						1, 1)
	INSERT INTO products_options_values VALUES (1644, 164, 	'Green',			'Vert', 			'Verde',  		'เขียว', 			NULL, 		'false',  '', 						1, 1)
	INSERT INTO products_options_values VALUES (1645, 164, 	'Grey',				'Gris', 			'Gris',  		'เทา', 			NULL, 		'false',  '', 						1, 1)
	INSERT INTO products_options_values VALUES (1646, 164, 	'Orange',			'Orange', 			'Naranja',  	'ส้ม', 				NULL, 		'false',  '', 						1, 1)
	INSERT INTO products_options_values VALUES (1647, 164, 	'Pink',				'Rose', 			'Rosa',  		'ชมพู', 			NULL, 		'false',  '', 						1, 1)
	INSERT INTO products_options_values VALUES (1648, 164, 	'Purple',			'Violet', 			'Morado',  		'ม่วง', 			NULL, 		'false',  '', 						1, 1)
	INSERT INTO products_options_values VALUES (1649, 164, 	'Red',				'Rouge', 			'Rojo',  		'แดง',			NULL, 		'false',  '', 						1, 1)
	INSERT INTO products_options_values VALUES (16410, 164, 	'White',			'Blanc', 			'Blanco',  		'ขาว',  			NULL, 		'false',  '', 						1, 1)

-- 15
INSERT INTO products_options VALUES (165, 1, 0, 15, 0, 	'MONOGRAM', 	'Monogram', 		'Monogramme', 		'TXT_SPANISH',	'TXT_THAI', 	'', 0, 'image', 0, '', '', 1, 1)
	INSERT INTO products_options_values VALUES (1651, 165,	'Collar',			'Col',				'TXT_SPANISH',	'TXT_THAI',			'collar',		'false', 	'SHOW[166,167,168]', 1, 1)
	INSERT INTO products_options_values VALUES (1652, 165,	'Left Cuff',		'Manche gauche',	'TXT_SPANISH',	'TXT_THAI',			'left-cuff',	'false', 	'SHOW[166,167,168]', 2, 1)
	INSERT INTO products_options_values VALUES (1653, 165,	'Waist',			'',					'TXT_SPANISH',	'TXT_THAI',			'waist',		'false', 	'SHOW[166,167,168]', 3, 1)
	INSERT INTO products_options_values VALUES (1654, 165,	'No',				'Non',				'No',			'ไม่มี',					'no',			'true', 	'HIDE[166,167,168]', 4, 1)
INSERT INTO products_options VALUES (166, 1, 0, 15, 1, 'MONOGRAM FONT', 	'Font',				'Police', 			'TXT_SPANISH',	'แบบตัวอักษร', 	'', 0, 'image', 1, '', '', 1, 1)
	INSERT INTO products_options_values VALUES (1661, 166,	'Block',			'Block',			'Block',		'ปักตัวพิมพ์',	'block',		'true', 	'', 1, 1)
	INSERT INTO products_options_values VALUES (1662, 166,	'Script',			'Script',			'Script',		'ปักตัวเขียน',	'script',		'false', 	'', 2, 1)
INSERT INTO products_options VALUES (167, 1, 0, 15, 1, 'MONOGRAM COLOR', 'Color', 			'Couleur', 			'Color',  		'สีซับใน', 	'', 1, 'select', 		1, 'width:200px;', 'mr10', 1, 1)
	INSERT INTO products_options_values VALUES (1670, 167, 	'Tone on Tone',		'Ton sur ton',		'Tono sobre Tono',	'สีเดียวกัน',	NULL,	'true',  'SHOW[168]',	1,	1)
	INSERT INTO products_options_values VALUES (1671, 167, 	'Black',			'Noir', 			'Negro',  		'ดำ', 		NULL, 'false',  'SHOW[168]', 						1, 1)
	INSERT INTO products_options_values VALUES (1672, 167, 	'Beige',			'Beige', 			'Beige',  		'กากี', 	NULL, 'false',  'SHOW[168]', 						1, 1)
	INSERT INTO products_options_values VALUES (1673, 167, 	'Blue',				'Bleu',				'Azul',  		'น้ำเงิน', 	NULL, 'false',  'SHOW[168]', 						1, 1)
	INSERT INTO products_options_values VALUES (1674, 167, 	'Green',			'Vert', 			'Verde',  		'เขียว', 	NULL, 'false',  'SHOW[168]', 						1, 1)
	INSERT INTO products_options_values VALUES (1675, 167, 	'Grey',				'Gris', 			'Gris',  		'เทา', 	NULL, 'false',  'SHOW[168]', 						1, 1)
	INSERT INTO products_options_values VALUES (1676, 167, 	'Orange',			'Orange', 			'Naranja',  	'ส้ม', 		NULL, 'false',  'SHOW[168]', 						1, 1)
	INSERT INTO products_options_values VALUES (1677, 167, 	'Pink',				'Rose', 			'Rosa',  		'ชมพู', 	NULL, 'false',  'SHOW[168]', 						1, 1)
	INSERT INTO products_options_values VALUES (1678, 167, 	'Purple',			'Violet', 			'Morado',  		'ม่วง', 	NULL, 'false',  'SHOW[168]', 						1, 1)
	INSERT INTO products_options_values VALUES (1679, 167, 	'Red',				'Rouge', 			'Rojo',  		'แดง',	NULL, 'false',  'SHOW[168]', 						1, 1)
	INSERT INTO products_options_values VALUES (16710, 167, 	'White',			'Blanc', 			'Blanco',  		'ขาว',  	NULL, 'false',  'SHOW[168]', 						1, 1)
INSERT INTO products_options VALUES (168, 1, 167, 15, 1,	'MONOGRAM TEXT',  'Text',   		'Texte', 			'Texto', 		'ปัก', 		'', 2, 'input', 		1, 'width:200px;', '', 1, 1)

-- 16
INSERT INTO products_options VALUES (169, 1, 0, 16, 0,	'COMMENTS', 	'Comments', 		'Commentaires', 	'TXT_SPANISH', 		'ความเห็น', 	'COMMENTS', 1, 'textarea', 		0, '', 'mt100 ml100 comments', 0, 1)


-- Change Database version
INSERT INTO config VALUES ('database_version',		'1',			NULL)